pair_id,review_order,build_phase,priority,decision,page_type,topic_cluster,cluster_role,language,page_path,page_url,counterpart_path,counterpart_url,canonical_url,hreflang_en_url,hreflang_es_url,hreflang_x_default_url,page_name,title_tag,meta_description,h1,primary_keyword,counterpart_primary_keyword,secondary_keywords,search_intent,audience_segment,funnel_stage,content_goal,conversion_goal,product_codes,product_truth_status,primary_cta,secondary_cta,required_internal_links,sister_site_target,schema_types,css_cluster,analytics_page_type,analytics_events,primary_entity,supporting_entities,answer_first_question,faq_topics,geo_entities,image_direction,source_basis,cannibalization_guard,content_min_words,content_max_words,sitemap_include,sitemap_priority,sitemap_changefreq,indexability,build_status,human_review_required,qa_requirements,implementation_notes
CAT001,1,phase_0,Critical,replace_and_expand,homepage,site_foundation,pillar,en,/,https://chocoandinotours.com/,/es/,https://chocoandinotours.com/es/,https://chocoandinotours.com/,https://chocoandinotours.com/,https://chocoandinotours.com/es/,https://chocoandinotours.com/,Chocó Andino Tours,"Chocó Andino Tours Ecuador | Culture, Nature and Cloud Forest","Explore the Chocó Andino through local culture, cacao, coffee, cloud forest landscapes and community-led experiences northwest of Quito.",Chocó Andino Tours,Chocó Andino tours Ecuador,tours en el Chocó Andino Ecuador,Chocó Andino Ecuador | northwest Quito | local guided experience,commercial_navigation,independent_travelers_couples_families_small_groups,bottom,Answer the core planning question for Chocó Andino Tours and move the visitor to the correct next decision.,"Qualified tour request, WhatsApp conversation or intentional sister-site handoff",TBD_CAT_PRODUCT_MAP,mixed_active,Explore tours,Request a custom plan,/tours/ | /experiences/ | /choco-andino-travel-guide/ | /book-tour/,,Organization | WebSite | WebPage | BreadcrumbList,hub,homepage,page_view | scroll_50 | cta_click | internal_link_click | whatsapp_click,Chocó Andino Tours,Chocó Andino de Pichincha Biosphere Reserve | Pichincha | Ecuador,What should a traveler know before choosing Chocó Andino Tours?,What is this experience or place? | Who is it best for? | How long should I allow? | What must be confirmed before visiting?,Chocó Andino de Pichincha | northwest Quito | Pichincha | Ecuador,"Authentic regional landscape, producer, community or cultural image with permission; avoid generic stock and wildlife promises.",Current ChocoAndinoTours homepage; UNESCO biosphere profile; sister-site search data,Keep the page centered on the wider Chocó Andino; link narrow Mindo activity and specialist birding intent to sister sites.,1100,1700,yes,1.0,weekly,index_follow,planned,yes,EN/ES parity | self-canonical | reciprocal hreflang | x-default EN | unique title/meta/H1 | valid schema | mobile QA | CTA/event QA | no price unless confirmed,Replace coming-soon page with the bilingual brand and conversion gateway.
CAT001,1,phase_0,Critical,replace_and_expand,homepage,site_foundation,pillar,es,/es/,https://chocoandinotours.com/es/,/,https://chocoandinotours.com/,https://chocoandinotours.com/es/,https://chocoandinotours.com/,https://chocoandinotours.com/es/,https://chocoandinotours.com/,Tours en el Chocó Andino,"Tours en el Chocó Andino | Cultura, Naturaleza y Bosque Nublado","Explora el Chocó Andino mediante su cultura local, cacao, café, paisajes de bosque nublado y experiencias comunitarias al noroccidente de Quito.",Tours en el Chocó Andino,tours en el Chocó Andino Ecuador,Chocó Andino tours Ecuador,Chocó Andino Ecuador | noroccidente de Quito | experiencia guiada local,commercial_navigation,independent_travelers_couples_families_small_groups,bottom,Responder la pregunta principal sobre Tours en el Chocó Andino y llevar al visitante a la siguiente decisión correcta.,"Solicitud calificada, conversación por WhatsApp o derivación intencional al sitio hermano",TBD_CAT_PRODUCT_MAP,mixed_active,Explorar tours,Solicitar un plan personalizado,/es/tours/ | /es/experiencias/ | /es/guia-de-viaje-choco-andino/ | /es/reservar-tour/,,Organization | WebSite | WebPage | BreadcrumbList,hub,homepage,page_view | scroll_50 | cta_click | internal_link_click | whatsapp_click,Tours en el Chocó Andino,Reserva de Biósfera del Chocó Andino de Pichincha | Pichincha | Ecuador,¿Qué debe saber un viajero antes de elegir Tours en el Chocó Andino?,¿Qué es esta experiencia o lugar? | ¿Para quién es adecuada? | ¿Cuánto tiempo se necesita? | ¿Qué se debe confirmar antes de visitar?,Chocó Andino de Pichincha | noroccidente de Quito | Pichincha | Ecuador,"Imagen auténtica de paisaje, productor, comunidad o cultura con permiso; evitar fotos genéricas y promesas de fauna.",Current ChocoAndinoTours homepage; UNESCO biosphere profile; sister-site search data,Mantener el enfoque en el Chocó Andino amplio; dirigir actividades puntuales de Mindo y aviturismo especializado a sitios hermanos.,1100,1700,yes,1.0,weekly,index_follow,planned,yes,EN/ES parity | self-canonical | reciprocal hreflang | x-default EN | unique title/meta/H1 | valid schema | mobile QA | CTA/event QA | no price unless confirmed,Replace coming-soon page with the bilingual brand and conversion gateway.
CAT002,2,phase_0,Critical,create,commercial_hub,tours,pillar,en,/tours/,https://chocoandinotours.com/tours/,/es/tours/,https://chocoandinotours.com/es/tours/,https://chocoandinotours.com/tours/,https://chocoandinotours.com/tours/,https://chocoandinotours.com/es/tours/,https://chocoandinotours.com/tours/,Chocó Andino Tours and Guided Routes,Chocó Andino Tours and Guided Routes | Ecuador,"Compare private day trips, cacao and coffee routes, community visits and nature-focused journeys across the Chocó Andino near Quito.",Chocó Andino Tours and Guided Routes,Chocó Andino tours,tours en el Chocó Andino,Chocó Andino Ecuador | northwest Quito | local guided experience,commercial,independent_travelers_couples_families_small_groups,middle,Answer the core planning question for Chocó Andino Tours and Guided Routes and move the visitor to the correct next decision.,"Qualified tour request, WhatsApp conversation or intentional sister-site handoff",TBD_CAT_PRODUCT_MAP,mixed_active_needs_mapping,Compare tours,Request a private route,/private-tours-choco-andino/ | /choco-andino-day-trip-from-quito/ | /book-tour/,,CollectionPage | ItemList | WebPage | BreadcrumbList,hub,commercial_hub,page_view | scroll_50 | cta_click | internal_link_click | whatsapp_click,Chocó Andino Tours and Guided Routes,Chocó Andino de Pichincha Biosphere Reserve | Pichincha | Ecuador,What should a traveler know before choosing Chocó Andino Tours and Guided Routes?,What is this experience or place? | Who is it best for? | How long should I allow? | What must be confirmed before visiting?,Chocó Andino de Pichincha | northwest Quito | Pichincha | Ecuador,"Authentic regional landscape, producer, community or cultural image with permission; avoid generic stock and wildlife promises.",MindoTours plan structure; official Chocó Andino destination evidence,Keep the page centered on the wider Chocó Andino; link narrow Mindo activity and specialist birding intent to sister sites.,1100,1700,yes,1.0,quarterly,index_follow,planned,yes,EN/ES parity | self-canonical | reciprocal hreflang | x-default EN | unique title/meta/H1 | valid schema | mobile QA | CTA/event QA | no price unless confirmed,Commercial hub; only display confirmed products and clearly label custom routes.
CAT002,2,phase_0,Critical,create,commercial_hub,tours,pillar,es,/es/tours/,https://chocoandinotours.com/es/tours/,/tours/,https://chocoandinotours.com/tours/,https://chocoandinotours.com/es/tours/,https://chocoandinotours.com/tours/,https://chocoandinotours.com/es/tours/,https://chocoandinotours.com/tours/,Tours y Rutas Guiadas en el Chocó Andino,Tours y Rutas Guiadas en el Chocó Andino | Ecuador,"Compara excursiones privadas, rutas de cacao y café, visitas comunitarias y recorridos de naturaleza por el Chocó Andino cerca de Quito.",Tours y Rutas Guiadas en el Chocó Andino,tours en el Chocó Andino,Chocó Andino tours,Chocó Andino Ecuador | noroccidente de Quito | experiencia guiada local,commercial,independent_travelers_couples_families_small_groups,middle,Responder la pregunta principal sobre Tours y Rutas Guiadas en el Chocó Andino y llevar al visitante a la siguiente decisión correcta.,"Solicitud calificada, conversación por WhatsApp o derivación intencional al sitio hermano",TBD_CAT_PRODUCT_MAP,mixed_active_needs_mapping,Comparar tours,Solicitar una ruta privada,/es/tours-privados-choco-andino/ | /es/excursion-choco-andino-desde-quito/ | /es/reservar-tour/,,CollectionPage | ItemList | WebPage | BreadcrumbList,hub,commercial_hub,page_view | scroll_50 | cta_click | internal_link_click | whatsapp_click,Tours y Rutas Guiadas en el Chocó Andino,Reserva de Biósfera del Chocó Andino de Pichincha | Pichincha | Ecuador,¿Qué debe saber un viajero antes de elegir Tours y Rutas Guiadas en el Chocó Andino?,¿Qué es esta experiencia o lugar? | ¿Para quién es adecuada? | ¿Cuánto tiempo se necesita? | ¿Qué se debe confirmar antes de visitar?,Chocó Andino de Pichincha | noroccidente de Quito | Pichincha | Ecuador,"Imagen auténtica de paisaje, productor, comunidad o cultura con permiso; evitar fotos genéricas y promesas de fauna.",MindoTours plan structure; official Chocó Andino destination evidence,Mantener el enfoque en el Chocó Andino amplio; dirigir actividades puntuales de Mindo y aviturismo especializado a sitios hermanos.,1100,1700,yes,1.0,quarterly,index_follow,planned,yes,EN/ES parity | self-canonical | reciprocal hreflang | x-default EN | unique title/meta/H1 | valid schema | mobile QA | CTA/event QA | no price unless confirmed,Commercial hub; only display confirmed products and clearly label custom routes.
CAT003,3,phase_0,Critical,create,commercial_hub,experiences,pillar,en,/experiences/,https://chocoandinotours.com/experiences/,/es/experiencias/,https://chocoandinotours.com/es/experiencias/,https://chocoandinotours.com/experiences/,https://chocoandinotours.com/experiences/,https://chocoandinotours.com/es/experiencias/,https://chocoandinotours.com/experiences/,Chocó Andino Experiences,"Chocó Andino Experiences | Culture, Food and Nature","Discover cacao, coffee, local food, community tourism, cloud forest and conservation experiences in Ecuador’s Chocó Andino.",Chocó Andino Experiences,Chocó Andino experiences,experiencias en el Chocó Andino,Chocó Andino Ecuador | northwest Quito | local guided experience,commercial,independent_travelers_couples_families_small_groups,middle,Answer the core planning question for Chocó Andino Experiences and move the visitor to the correct next decision.,"Qualified tour request, WhatsApp conversation or intentional sister-site handoff",TBD_CAT_PRODUCT_MAP,mixed_active_needs_mapping,Explore experiences,Build a mixed day,/experiences/cacao-chocolate-choco-andino/ | /experiences/coffee-farms-choco-andino/ | /community-tourism-choco-andino/ | /book-tour/,,CollectionPage | ItemList | WebPage | BreadcrumbList,hub,commercial_hub,page_view | scroll_50 | cta_click | internal_link_click | whatsapp_click,Chocó Andino Experiences,Chocó Andino de Pichincha Biosphere Reserve | Pichincha | Ecuador,What should a traveler know before choosing Chocó Andino Experiences?,What is this experience or place? | Who is it best for? | How long should I allow? | What must be confirmed before visiting?,Chocó Andino de Pichincha | northwest Quito | Pichincha | Ecuador,"Authentic regional landscape, producer, community or cultural image with permission; avoid generic stock and wildlife promises.",Quito Turismo creative-experience evidence; staff activity catalog,Keep the page centered on the wider Chocó Andino; link narrow Mindo activity and specialist birding intent to sister sites.,1100,1700,yes,1.0,quarterly,index_follow,planned,yes,EN/ES parity | self-canonical | reciprocal hreflang | x-default EN | unique title/meta/H1 | valid schema | mobile QA | CTA/event QA | no price unless confirmed,Experience-led hub distinct from the general activity catalog on MindoTours.
CAT003,3,phase_0,Critical,create,commercial_hub,experiences,pillar,es,/es/experiencias/,https://chocoandinotours.com/es/experiencias/,/experiences/,https://chocoandinotours.com/experiences/,https://chocoandinotours.com/es/experiencias/,https://chocoandinotours.com/experiences/,https://chocoandinotours.com/es/experiencias/,https://chocoandinotours.com/experiences/,Experiencias en el Chocó Andino,Experiencias en el Chocó Andino | Cultura y Naturaleza,"Descubre cacao, café, gastronomía local, turismo comunitario, bosque nublado y conservación en el Chocó Andino del Ecuador.",Experiencias en el Chocó Andino,experiencias en el Chocó Andino,Chocó Andino experiences,Chocó Andino Ecuador | noroccidente de Quito | experiencia guiada local,commercial,independent_travelers_couples_families_small_groups,middle,Responder la pregunta principal sobre Experiencias en el Chocó Andino y llevar al visitante a la siguiente decisión correcta.,"Solicitud calificada, conversación por WhatsApp o derivación intencional al sitio hermano",TBD_CAT_PRODUCT_MAP,mixed_active_needs_mapping,Explorar experiencias,Armar un día combinado,/es/experiencias/cacao-y-chocolate-choco-andino/ | /es/experiencias/fincas-de-cafe-choco-andino/ | /es/turismo-comunitario-choco-andino/ | /es/reservar-tour/,,CollectionPage | ItemList | WebPage | BreadcrumbList,hub,commercial_hub,page_view | scroll_50 | cta_click | internal_link_click | whatsapp_click,Experiencias en el Chocó Andino,Reserva de Biósfera del Chocó Andino de Pichincha | Pichincha | Ecuador,¿Qué debe saber un viajero antes de elegir Experiencias en el Chocó Andino?,¿Qué es esta experiencia o lugar? | ¿Para quién es adecuada? | ¿Cuánto tiempo se necesita? | ¿Qué se debe confirmar antes de visitar?,Chocó Andino de Pichincha | noroccidente de Quito | Pichincha | Ecuador,"Imagen auténtica de paisaje, productor, comunidad o cultura con permiso; evitar fotos genéricas y promesas de fauna.",Quito Turismo creative-experience evidence; staff activity catalog,Mantener el enfoque en el Chocó Andino amplio; dirigir actividades puntuales de Mindo y aviturismo especializado a sitios hermanos.,1100,1700,yes,1.0,quarterly,index_follow,planned,yes,EN/ES parity | self-canonical | reciprocal hreflang | x-default EN | unique title/meta/H1 | valid schema | mobile QA | CTA/event QA | no price unless confirmed,Experience-led hub distinct from the general activity catalog on MindoTours.
CAT004,4,phase_0,Critical,create,lead_form,conversion,conversion,en,/book-tour/,https://chocoandinotours.com/book-tour/,/es/reservar-tour/,https://chocoandinotours.com/es/reservar-tour/,https://chocoandinotours.com/book-tour/,https://chocoandinotours.com/book-tour/,https://chocoandinotours.com/es/reservar-tour/,https://chocoandinotours.com/book-tour/,Book a Chocó Andino Tour,Book a Chocó Andino Tour | Private Request,"Send one request for a private Chocó Andino tour, cultural experience or custom route with dates, group size and travel priorities.",Book a Chocó Andino Tour,book Chocó Andino tour,reservar tour Chocó Andino,Chocó Andino Ecuador | northwest Quito | local guided experience,transactional,independent_travelers_couples_families_small_groups,bottom,Answer the core planning question for Book a Chocó Andino Tour and move the visitor to the correct next decision.,"Qualified tour request, WhatsApp conversation or intentional sister-site handoff",TBD_CAT_PRODUCT_MAP,shared_backend_requires_configuration,Send booking request,Continue on WhatsApp,/tours/ | /experiences/ | /contact/,,ContactPage | WebPage | BreadcrumbList,conversion,lead_form,form_start | turnstile_success | booking_submit | booking_success | booking_error | whatsapp_click | email_click,Book a Chocó Andino Tour,Chocó Andino de Pichincha Biosphere Reserve | Pichincha | Ecuador,What should a traveler know before choosing Book a Chocó Andino Tour?,What is this experience or place? | Who is it best for? | How long should I allow? | What must be confirmed before visiting?,Chocó Andino de Pichincha | northwest Quito | Pichincha | Ecuador,"Authentic regional landscape, producer, community or cultural image with permission; avoid generic stock and wildlife promises.",MindoTours secure bilingual lead-form workflow,Keep the page centered on the wider Chocó Andino; link narrow Mindo activity and specialist birding intent to sister sites.,450,800,yes,1.0,monthly,index_follow,planned,yes,EN/ES parity | self-canonical | reciprocal hreflang | x-default EN | unique title/meta/H1 | valid schema | mobile QA | CTA/event QA | no price unless confirmed,"Use secure server-side submission, Turnstile, attribution, CRM and bilingual emails."
CAT004,4,phase_0,Critical,create,lead_form,conversion,conversion,es,/es/reservar-tour/,https://chocoandinotours.com/es/reservar-tour/,/book-tour/,https://chocoandinotours.com/book-tour/,https://chocoandinotours.com/es/reservar-tour/,https://chocoandinotours.com/book-tour/,https://chocoandinotours.com/es/reservar-tour/,https://chocoandinotours.com/book-tour/,Reservar un Tour en el Chocó Andino,Reservar un Tour en el Chocó Andino | Solicitud Privada,"Envía una solicitud para un tour privado, experiencia cultural o ruta personalizada con fechas, número de personas y prioridades de viaje.",Reservar un Tour en el Chocó Andino,reservar tour Chocó Andino,book Chocó Andino tour,Chocó Andino Ecuador | noroccidente de Quito | experiencia guiada local,transactional,independent_travelers_couples_families_small_groups,bottom,Responder la pregunta principal sobre Reservar un Tour en el Chocó Andino y llevar al visitante a la siguiente decisión correcta.,"Solicitud calificada, conversación por WhatsApp o derivación intencional al sitio hermano",TBD_CAT_PRODUCT_MAP,shared_backend_requires_configuration,Enviar solicitud,Continuar por WhatsApp,/es/tours/ | /es/experiencias/ | /es/contacto/,,ContactPage | WebPage | BreadcrumbList,conversion,lead_form,form_start | turnstile_success | booking_submit | booking_success | booking_error | whatsapp_click | email_click,Reservar un Tour en el Chocó Andino,Reserva de Biósfera del Chocó Andino de Pichincha | Pichincha | Ecuador,¿Qué debe saber un viajero antes de elegir Reservar un Tour en el Chocó Andino?,¿Qué es esta experiencia o lugar? | ¿Para quién es adecuada? | ¿Cuánto tiempo se necesita? | ¿Qué se debe confirmar antes de visitar?,Chocó Andino de Pichincha | noroccidente de Quito | Pichincha | Ecuador,"Imagen auténtica de paisaje, productor, comunidad o cultura con permiso; evitar fotos genéricas y promesas de fauna.",MindoTours secure bilingual lead-form workflow,Mantener el enfoque en el Chocó Andino amplio; dirigir actividades puntuales de Mindo y aviturismo especializado a sitios hermanos.,450,800,yes,1.0,monthly,index_follow,planned,yes,EN/ES parity | self-canonical | reciprocal hreflang | x-default EN | unique title/meta/H1 | valid schema | mobile QA | CTA/event QA | no price unless confirmed,"Use secure server-side submission, Turnstile, attribution, CRM and bilingual emails."
CAT005,5,phase_0,Critical,create,contact_page,conversion,conversion,en,/contact/,https://chocoandinotours.com/contact/,/es/contacto/,https://chocoandinotours.com/es/contacto/,https://chocoandinotours.com/contact/,https://chocoandinotours.com/contact/,https://chocoandinotours.com/es/contacto/,https://chocoandinotours.com/contact/,Contact Chocó Andino Tours,Contact Chocó Andino Tours | Plan Your Visit,"Contact the team about private routes, cacao and coffee visits, community experiences, transport and custom Chocó Andino planning.",Contact Chocó Andino Tours,contact Chocó Andino Tours,contacto Chocó Andino Tours,Chocó Andino Ecuador | northwest Quito | local guided experience,transactional,independent_travelers_couples_families_small_groups,bottom,Answer the core planning question for Contact Chocó Andino Tours and move the visitor to the correct next decision.,"Qualified tour request, WhatsApp conversation or intentional sister-site handoff",TBD_CAT_PRODUCT_MAP,shared_backend_requires_configuration,Send a message,Message on WhatsApp,/tours/ | /experiences/ | /contact/,,ContactPage | WebPage | BreadcrumbList,conversion,contact_page,page_view | scroll_50 | cta_click | internal_link_click | whatsapp_click,Contact Chocó Andino Tours,Chocó Andino de Pichincha Biosphere Reserve | Pichincha | Ecuador,What should a traveler know before choosing Contact Chocó Andino Tours?,What is this experience or place? | Who is it best for? | How long should I allow? | What must be confirmed before visiting?,Chocó Andino de Pichincha | northwest Quito | Pichincha | Ecuador,"Authentic regional landscape, producer, community or cultural image with permission; avoid generic stock and wildlife promises.",MindoTours contact workflow,Keep the page centered on the wider Chocó Andino; link narrow Mindo activity and specialist birding intent to sister sites.,450,800,yes,1.0,monthly,index_follow,planned,yes,EN/ES parity | self-canonical | reciprocal hreflang | x-default EN | unique title/meta/H1 | valid schema | mobile QA | CTA/event QA | no price unless confirmed,Contact and booking forms must share attribution and duplicate-safe persistence.
CAT005,5,phase_0,Critical,create,contact_page,conversion,conversion,es,/es/contacto/,https://chocoandinotours.com/es/contacto/,/contact/,https://chocoandinotours.com/contact/,https://chocoandinotours.com/es/contacto/,https://chocoandinotours.com/contact/,https://chocoandinotours.com/es/contacto/,https://chocoandinotours.com/contact/,Contacto Chocó Andino Tours,Contacto Chocó Andino Tours | Planifica tu Visita,"Comunícate con el equipo sobre rutas privadas, visitas de cacao y café, experiencias comunitarias, transporte y planes personalizados.",Contacto Chocó Andino Tours,contacto Chocó Andino Tours,contact Chocó Andino Tours,Chocó Andino Ecuador | noroccidente de Quito | experiencia guiada local,transactional,independent_travelers_couples_families_small_groups,bottom,Responder la pregunta principal sobre Contacto Chocó Andino Tours y llevar al visitante a la siguiente decisión correcta.,"Solicitud calificada, conversación por WhatsApp o derivación intencional al sitio hermano",TBD_CAT_PRODUCT_MAP,shared_backend_requires_configuration,Enviar un mensaje,Escribir por WhatsApp,/es/tours/ | /es/experiencias/ | /es/contacto/,,ContactPage | WebPage | BreadcrumbList,conversion,contact_page,page_view | scroll_50 | cta_click | internal_link_click | whatsapp_click,Contacto Chocó Andino Tours,Reserva de Biósfera del Chocó Andino de Pichincha | Pichincha | Ecuador,¿Qué debe saber un viajero antes de elegir Contacto Chocó Andino Tours?,¿Qué es esta experiencia o lugar? | ¿Para quién es adecuada? | ¿Cuánto tiempo se necesita? | ¿Qué se debe confirmar antes de visitar?,Chocó Andino de Pichincha | noroccidente de Quito | Pichincha | Ecuador,"Imagen auténtica de paisaje, productor, comunidad o cultura con permiso; evitar fotos genéricas y promesas de fauna.",MindoTours contact workflow,Mantener el enfoque en el Chocó Andino amplio; dirigir actividades puntuales de Mindo y aviturismo especializado a sitios hermanos.,450,800,yes,1.0,monthly,index_follow,planned,yes,EN/ES parity | self-canonical | reciprocal hreflang | x-default EN | unique title/meta/H1 | valid schema | mobile QA | CTA/event QA | no price unless confirmed,Contact and booking forms must share attribution and duplicate-safe persistence.
CAT006,6,phase_0,High,create,about_page,trust,support,en,/about/,https://chocoandinotours.com/about/,/es/sobre-nosotros/,https://chocoandinotours.com/es/sobre-nosotros/,https://chocoandinotours.com/about/,https://chocoandinotours.com/about/,https://chocoandinotours.com/es/sobre-nosotros/,https://chocoandinotours.com/about/,About Chocó Andino Tours,About Chocó Andino Tours | Local Regional Travel,"Learn how Chocó Andino Tours connects travelers with culture, producers, communities and cloud forest landscapes through responsible local planning.",About Chocó Andino Tours,Chocó Andino local tour team,equipo local Chocó Andino,Chocó Andino Ecuador | northwest Quito | local guided experience,navigational_trust,independent_travelers_couples_families_small_groups,middle,Answer the core planning question for About Chocó Andino Tours and move the visitor to the correct next decision.,"Qualified tour request, WhatsApp conversation or intentional sister-site handoff",TBD_CAT_PRODUCT_MAP,not_applicable,Meet the approach,Plan with us,/ | /responsible-travel-choco-andino/ | /contact/,,WebPage | BreadcrumbList,guide,about_page,page_view | scroll_50 | cta_click | internal_link_click | whatsapp_click,About Chocó Andino Tours,Chocó Andino de Pichincha Biosphere Reserve | Pichincha | Ecuador,What should a traveler know before choosing About Chocó Andino Tours?,What is this experience or place? | Who is it best for? | How long should I allow? | What must be confirmed before visiting?,Chocó Andino de Pichincha | northwest Quito | Pichincha | Ecuador,"Authentic regional landscape, producer, community or cultural image with permission; avoid generic stock and wildlife promises.",Current brand; reusable site architecture,Keep the page centered on the wider Chocó Andino; link narrow Mindo activity and specialist birding intent to sister sites.,900,1450,yes,0.8,quarterly,index_follow,planned,yes,EN/ES parity | self-canonical | reciprocal hreflang | x-default EN | unique title/meta/H1 | valid schema | mobile QA | CTA/event QA | no price unless confirmed,"Owner must approve all factual team, license, partnership and operating claims."
CAT006,6,phase_0,High,create,about_page,trust,support,es,/es/sobre-nosotros/,https://chocoandinotours.com/es/sobre-nosotros/,/about/,https://chocoandinotours.com/about/,https://chocoandinotours.com/es/sobre-nosotros/,https://chocoandinotours.com/about/,https://chocoandinotours.com/es/sobre-nosotros/,https://chocoandinotours.com/about/,Sobre Chocó Andino Tours,Sobre Chocó Andino Tours | Viajes Locales,"Conoce cómo Chocó Andino Tours conecta a los viajeros con cultura, productores, comunidades y paisajes de bosque nublado mediante una planificación responsable.",Sobre Chocó Andino Tours,equipo local Chocó Andino,Chocó Andino local tour team,Chocó Andino Ecuador | noroccidente de Quito | experiencia guiada local,navigational_trust,independent_travelers_couples_families_small_groups,middle,Responder la pregunta principal sobre Sobre Chocó Andino Tours y llevar al visitante a la siguiente decisión correcta.,"Solicitud calificada, conversación por WhatsApp o derivación intencional al sitio hermano",TBD_CAT_PRODUCT_MAP,not_applicable,Conocer el enfoque,Planificar con nosotros,/es/ | /es/viaje-responsable-choco-andino/ | /es/contacto/,,WebPage | BreadcrumbList,guide,about_page,page_view | scroll_50 | cta_click | internal_link_click | whatsapp_click,Sobre Chocó Andino Tours,Reserva de Biósfera del Chocó Andino de Pichincha | Pichincha | Ecuador,¿Qué debe saber un viajero antes de elegir Sobre Chocó Andino Tours?,¿Qué es esta experiencia o lugar? | ¿Para quién es adecuada? | ¿Cuánto tiempo se necesita? | ¿Qué se debe confirmar antes de visitar?,Chocó Andino de Pichincha | noroccidente de Quito | Pichincha | Ecuador,"Imagen auténtica de paisaje, productor, comunidad o cultura con permiso; evitar fotos genéricas y promesas de fauna.",Current brand; reusable site architecture,Mantener el enfoque en el Chocó Andino amplio; dirigir actividades puntuales de Mindo y aviturismo especializado a sitios hermanos.,900,1450,yes,0.8,quarterly,index_follow,planned,yes,EN/ES parity | self-canonical | reciprocal hreflang | x-default EN | unique title/meta/H1 | valid schema | mobile QA | CTA/event QA | no price unless confirmed,"Owner must approve all factual team, license, partnership and operating claims."
CAT007,7,phase_1,High,create,travel_guide_hub,travel_planning,pillar,en,/choco-andino-travel-guide/,https://chocoandinotours.com/choco-andino-travel-guide/,/es/guia-de-viaje-choco-andino/,https://chocoandinotours.com/es/guia-de-viaje-choco-andino/,https://chocoandinotours.com/choco-andino-travel-guide/,https://chocoandinotours.com/choco-andino-travel-guide/,https://chocoandinotours.com/es/guia-de-viaje-choco-andino/,https://chocoandinotours.com/choco-andino-travel-guide/,Chocó Andino Travel Guide,Chocó Andino Travel Guide | Plan from Quito,"Plan when to go, how to travel, where to base yourself and how to combine communities, cloud forest, cacao and coffee in the Chocó Andino.",Chocó Andino Travel Guide,Chocó Andino travel guide,guía de viaje Chocó Andino,Chocó Andino from Quito | northwest Quito travel,informational_commercial,independent_travelers_couples_families_small_groups,top_middle,Answer the core planning question for Chocó Andino Travel Guide and move the visitor to the correct next decision.,"Qualified tour request, WhatsApp conversation or intentional sister-site handoff",TBD_CAT_PRODUCT_MAP,not_applicable,Plan your visit,Compare private routes,/choco-andino-biosphere-reserve/ | /things-to-do-in-choco-andino/ | /quito-to-choco-andino-transport/ | /book-tour/,,Article | FAQPage | WebPage | BreadcrumbList,hub,travel_guide_hub,page_view | scroll_50 | cta_click | internal_link_click | whatsapp_click,Chocó Andino Travel Guide,Chocó Andino de Pichincha Biosphere Reserve | Pichincha | Ecuador,What should a traveler know before choosing Chocó Andino Travel Guide?,What is this experience or place? | Who is it best for? | How long should I allow? | What must be confirmed before visiting?,Chocó Andino de Pichincha | northwest Quito | Pichincha | Ecuador,"Authentic regional landscape, producer, community or cultural image with permission; avoid generic stock and wildlife promises.",UNESCO; Quito Turismo; sister-site GSC travel demand,Keep the page centered on the wider Chocó Andino; link narrow Mindo activity and specialist birding intent to sister sites.,1100,1700,yes,0.8,quarterly,index_follow,planned,yes,EN/ES parity | self-canonical | reciprocal hreflang | x-default EN | unique title/meta/H1 | valid schema | mobile QA | CTA/event QA | no price unless confirmed,"Primary planning hub for the wider region, not only Mindo."
CAT007,7,phase_1,High,create,travel_guide_hub,travel_planning,pillar,es,/es/guia-de-viaje-choco-andino/,https://chocoandinotours.com/es/guia-de-viaje-choco-andino/,/choco-andino-travel-guide/,https://chocoandinotours.com/choco-andino-travel-guide/,https://chocoandinotours.com/es/guia-de-viaje-choco-andino/,https://chocoandinotours.com/choco-andino-travel-guide/,https://chocoandinotours.com/es/guia-de-viaje-choco-andino/,https://chocoandinotours.com/choco-andino-travel-guide/,Guía de Viaje del Chocó Andino,Guía de Viaje del Chocó Andino | Desde Quito,"Planifica cuándo ir, cómo movilizarte, dónde alojarte y cómo combinar comunidades, bosque nublado, cacao y café en el Chocó Andino.",Guía de Viaje del Chocó Andino,guía de viaje Chocó Andino,Chocó Andino travel guide,Chocó Andino desde Quito | turismo noroccidente de Quito,informational_commercial,independent_travelers_couples_families_small_groups,top_middle,Responder la pregunta principal sobre Guía de Viaje del Chocó Andino y llevar al visitante a la siguiente decisión correcta.,"Solicitud calificada, conversación por WhatsApp o derivación intencional al sitio hermano",TBD_CAT_PRODUCT_MAP,not_applicable,Planificar la visita,Comparar rutas privadas,/es/reserva-de-biosfera-choco-andino/ | /es/que-hacer-en-el-choco-andino/ | /es/transporte-quito-choco-andino/ | /es/reservar-tour/,,Article | FAQPage | WebPage | BreadcrumbList,hub,travel_guide_hub,page_view | scroll_50 | cta_click | internal_link_click | whatsapp_click,Guía de Viaje del Chocó Andino,Reserva de Biósfera del Chocó Andino de Pichincha | Pichincha | Ecuador,¿Qué debe saber un viajero antes de elegir Guía de Viaje del Chocó Andino?,¿Qué es esta experiencia o lugar? | ¿Para quién es adecuada? | ¿Cuánto tiempo se necesita? | ¿Qué se debe confirmar antes de visitar?,Chocó Andino de Pichincha | noroccidente de Quito | Pichincha | Ecuador,"Imagen auténtica de paisaje, productor, comunidad o cultura con permiso; evitar fotos genéricas y promesas de fauna.",UNESCO; Quito Turismo; sister-site GSC travel demand,Mantener el enfoque en el Chocó Andino amplio; dirigir actividades puntuales de Mindo y aviturismo especializado a sitios hermanos.,1100,1700,yes,0.8,quarterly,index_follow,planned,yes,EN/ES parity | self-canonical | reciprocal hreflang | x-default EN | unique title/meta/H1 | valid schema | mobile QA | CTA/event QA | no price unless confirmed,"Primary planning hub for the wider region, not only Mindo."
CAT008,8,phase_1,High,create,destination_guide,biosphere,pillar,en,/choco-andino-biosphere-reserve/,https://chocoandinotours.com/choco-andino-biosphere-reserve/,/es/reserva-de-biosfera-choco-andino/,https://chocoandinotours.com/es/reserva-de-biosfera-choco-andino/,https://chocoandinotours.com/choco-andino-biosphere-reserve/,https://chocoandinotours.com/choco-andino-biosphere-reserve/,https://chocoandinotours.com/es/reserva-de-biosfera-choco-andino/,https://chocoandinotours.com/choco-andino-biosphere-reserve/,Chocó Andino Biosphere Reserve,Chocó Andino Biosphere Reserve | Visitor Guide,"Understand the UNESCO Chocó Andino de Pichincha Biosphere Reserve, its landscapes, biodiversity, communities and responsible ways to visit.",Chocó Andino Biosphere Reserve,Chocó Andino Biosphere Reserve,Reserva de Biósfera del Chocó Andino,UNESCO biosphere reserve Ecuador | cloud forest near Quito,informational,independent_travelers_couples_families_small_groups,top,Answer the core planning question for Chocó Andino Biosphere Reserve and move the visitor to the correct next decision.,"Qualified tour request, WhatsApp conversation or intentional sister-site handoff",TBD_CAT_PRODUCT_MAP,not_applicable,Explore the region,Plan a responsible visit,/choco-andino-travel-guide/ | /responsible-travel-choco-andino/ | /things-to-do-in-choco-andino/,,Article | FAQPage | WebPage | BreadcrumbList,hub,destination_guide,page_view | scroll_50 | cta_click | internal_link_click | whatsapp_click,Chocó Andino Biosphere Reserve,Chocó Andino de Pichincha Biosphere Reserve | Pichincha | Ecuador,What should a traveler know before choosing Chocó Andino Biosphere Reserve?,What is this experience or place? | Who is it best for? | How long should I allow? | What must be confirmed before visiting?,Chocó Andino de Pichincha | northwest Quito | Pichincha | Ecuador,"Authentic regional landscape, producer, community or cultural image with permission; avoid generic stock and wildlife promises.",UNESCO MAB Chocó Andino de Pichincha profile,Keep the page centered on the wider Chocó Andino; link narrow Mindo activity and specialist birding intent to sister sites.,900,1450,yes,0.8,quarterly,index_follow,planned,yes,EN/ES parity | self-canonical | reciprocal hreflang | x-default EN | unique title/meta/H1 | valid schema | mobile QA | CTA/event QA | no price unless confirmed,Use UNESCO naming accurately; do not imply organizational affiliation.
CAT008,8,phase_1,High,create,destination_guide,biosphere,pillar,es,/es/reserva-de-biosfera-choco-andino/,https://chocoandinotours.com/es/reserva-de-biosfera-choco-andino/,/choco-andino-biosphere-reserve/,https://chocoandinotours.com/choco-andino-biosphere-reserve/,https://chocoandinotours.com/es/reserva-de-biosfera-choco-andino/,https://chocoandinotours.com/choco-andino-biosphere-reserve/,https://chocoandinotours.com/es/reserva-de-biosfera-choco-andino/,https://chocoandinotours.com/choco-andino-biosphere-reserve/,Reserva de Biósfera del Chocó Andino,Reserva de Biósfera del Chocó Andino | Guía,"Conoce la Reserva de Biósfera del Chocó Andino de Pichincha, sus paisajes, biodiversidad, comunidades y formas responsables de visitarla.",Reserva de Biósfera del Chocó Andino,Reserva de Biósfera del Chocó Andino,Chocó Andino Biosphere Reserve,reserva de biósfera UNESCO Ecuador | bosque nublado cerca de Quito,informational,independent_travelers_couples_families_small_groups,top,Responder la pregunta principal sobre Reserva de Biósfera del Chocó Andino y llevar al visitante a la siguiente decisión correcta.,"Solicitud calificada, conversación por WhatsApp o derivación intencional al sitio hermano",TBD_CAT_PRODUCT_MAP,not_applicable,Explorar la región,Planificar una visita responsable,/es/guia-de-viaje-choco-andino/ | /es/viaje-responsable-choco-andino/ | /es/que-hacer-en-el-choco-andino/,,Article | FAQPage | WebPage | BreadcrumbList,hub,destination_guide,page_view | scroll_50 | cta_click | internal_link_click | whatsapp_click,Reserva de Biósfera del Chocó Andino,Reserva de Biósfera del Chocó Andino de Pichincha | Pichincha | Ecuador,¿Qué debe saber un viajero antes de elegir Reserva de Biósfera del Chocó Andino?,¿Qué es esta experiencia o lugar? | ¿Para quién es adecuada? | ¿Cuánto tiempo se necesita? | ¿Qué se debe confirmar antes de visitar?,Chocó Andino de Pichincha | noroccidente de Quito | Pichincha | Ecuador,"Imagen auténtica de paisaje, productor, comunidad o cultura con permiso; evitar fotos genéricas y promesas de fauna.",UNESCO MAB Chocó Andino de Pichincha profile,Mantener el enfoque en el Chocó Andino amplio; dirigir actividades puntuales de Mindo y aviturismo especializado a sitios hermanos.,900,1450,yes,0.8,quarterly,index_follow,planned,yes,EN/ES parity | self-canonical | reciprocal hreflang | x-default EN | unique title/meta/H1 | valid schema | mobile QA | CTA/event QA | no price unless confirmed,Use UNESCO naming accurately; do not imply organizational affiliation.
CAT009,9,phase_1,High,create,destination_hub,things_to_do,pillar,en,/things-to-do-in-choco-andino/,https://chocoandinotours.com/things-to-do-in-choco-andino/,/es/que-hacer-en-el-choco-andino/,https://chocoandinotours.com/es/que-hacer-en-el-choco-andino/,https://chocoandinotours.com/things-to-do-in-choco-andino/,https://chocoandinotours.com/things-to-do-in-choco-andino/,https://chocoandinotours.com/es/que-hacer-en-el-choco-andino/,https://chocoandinotours.com/things-to-do-in-choco-andino/,Things to Do in the Chocó Andino,Things to Do in the Chocó Andino | Ecuador Guide,"Compare community visits, cacao, coffee, cloud forest walks, waterfalls, archaeology and local food across the Chocó Andino near Quito.",Things to Do in the Chocó Andino,things to do in Chocó Andino,qué hacer en el Chocó Andino,Chocó Andino Ecuador | northwest Quito | local guided experience,informational_commercial,independent_travelers_couples_families_small_groups,middle,Answer the core planning question for Things to Do in the Chocó Andino and move the visitor to the correct next decision.,"Qualified tour request, WhatsApp conversation or intentional sister-site handoff",TBD_CAT_PRODUCT_MAP,mixed_active_needs_mapping,Compare experiences,Ask for recommendations,/experiences/ | /tours/ | /mindo-and-choco-andino/ | /book-tour/,,CollectionPage | ItemList | WebPage | BreadcrumbList,hub,destination_hub,page_view | scroll_50 | cta_click | internal_link_click | whatsapp_click,Things to Do in the Chocó Andino,Chocó Andino de Pichincha Biosphere Reserve | Pichincha | Ecuador,What should a traveler know before choosing Things to Do in the Chocó Andino?,What is this experience or place? | Who is it best for? | How long should I allow? | What must be confirmed before visiting?,Chocó Andino de Pichincha | northwest Quito | Pichincha | Ecuador,"Authentic regional landscape, producer, community or cultural image with permission; avoid generic stock and wildlife promises.",Quito Turismo destination content; MindoTours and MBW GSC demand,Keep the page centered on the wider Chocó Andino; link narrow Mindo activity and specialist birding intent to sister sites.,1100,1700,yes,0.8,quarterly,index_follow,planned,yes,EN/ES parity | self-canonical | reciprocal hreflang | x-default EN | unique title/meta/H1 | valid schema | mobile QA | CTA/event QA | no price unless confirmed,Own region-wide discovery intent; link narrow Mindo activities to MindoTours.
CAT009,9,phase_1,High,create,destination_hub,things_to_do,pillar,es,/es/que-hacer-en-el-choco-andino/,https://chocoandinotours.com/es/que-hacer-en-el-choco-andino/,/things-to-do-in-choco-andino/,https://chocoandinotours.com/things-to-do-in-choco-andino/,https://chocoandinotours.com/es/que-hacer-en-el-choco-andino/,https://chocoandinotours.com/things-to-do-in-choco-andino/,https://chocoandinotours.com/es/que-hacer-en-el-choco-andino/,https://chocoandinotours.com/things-to-do-in-choco-andino/,Qué Hacer en el Chocó Andino,Qué Hacer en el Chocó Andino | Guía de Ecuador,"Compara visitas comunitarias, cacao, café, caminatas de bosque nublado, cascadas, arqueología y gastronomía local cerca de Quito.",Qué Hacer en el Chocó Andino,qué hacer en el Chocó Andino,things to do in Chocó Andino,Chocó Andino Ecuador | noroccidente de Quito | experiencia guiada local,informational_commercial,independent_travelers_couples_families_small_groups,middle,Responder la pregunta principal sobre Qué Hacer en el Chocó Andino y llevar al visitante a la siguiente decisión correcta.,"Solicitud calificada, conversación por WhatsApp o derivación intencional al sitio hermano",TBD_CAT_PRODUCT_MAP,mixed_active_needs_mapping,Comparar experiencias,Pedir recomendaciones,/es/experiencias/ | /es/tours/ | /es/mindo-y-choco-andino/ | /es/reservar-tour/,,CollectionPage | ItemList | WebPage | BreadcrumbList,hub,destination_hub,page_view | scroll_50 | cta_click | internal_link_click | whatsapp_click,Qué Hacer en el Chocó Andino,Reserva de Biósfera del Chocó Andino de Pichincha | Pichincha | Ecuador,¿Qué debe saber un viajero antes de elegir Qué Hacer en el Chocó Andino?,¿Qué es esta experiencia o lugar? | ¿Para quién es adecuada? | ¿Cuánto tiempo se necesita? | ¿Qué se debe confirmar antes de visitar?,Chocó Andino de Pichincha | noroccidente de Quito | Pichincha | Ecuador,"Imagen auténtica de paisaje, productor, comunidad o cultura con permiso; evitar fotos genéricas y promesas de fauna.",Quito Turismo destination content; MindoTours and MBW GSC demand,Mantener el enfoque en el Chocó Andino amplio; dirigir actividades puntuales de Mindo y aviturismo especializado a sitios hermanos.,1100,1700,yes,0.8,quarterly,index_follow,planned,yes,EN/ES parity | self-canonical | reciprocal hreflang | x-default EN | unique title/meta/H1 | valid schema | mobile QA | CTA/event QA | no price unless confirmed,Own region-wide discovery intent; link narrow Mindo activities to MindoTours.
CAT010,10,phase_1,High,create,commercial_guide,day_trips,commercial,en,/choco-andino-day-trip-from-quito/,https://chocoandinotours.com/choco-andino-day-trip-from-quito/,/es/excursion-choco-andino-desde-quito/,https://chocoandinotours.com/es/excursion-choco-andino-desde-quito/,https://chocoandinotours.com/choco-andino-day-trip-from-quito/,https://chocoandinotours.com/choco-andino-day-trip-from-quito/,https://chocoandinotours.com/es/excursion-choco-andino-desde-quito/,https://chocoandinotours.com/choco-andino-day-trip-from-quito/,Chocó Andino Day Trip from Quito,Chocó Andino Day Trip from Quito | Private Route,"Plan a private day trip from Quito into the Chocó Andino with a realistic route combining culture, local producers and cloud forest landscapes.",Chocó Andino Day Trip from Quito,Chocó Andino day trip from Quito,excursión Chocó Andino desde Quito,Chocó Andino Ecuador | northwest Quito | local guided experience,commercial,independent_travelers_couples_families_small_groups,bottom,Answer the core planning question for Chocó Andino Day Trip from Quito and move the visitor to the correct next decision.,"Qualified tour request, WhatsApp conversation or intentional sister-site handoff",TBD_CAT_PRODUCT_MAP,custom_route_needs_confirmation,Request a day trip,Compare route ideas,/private-tours-choco-andino/ | /quito-to-choco-andino-transport/ | /book-tour/,,Service | FAQPage | WebPage | BreadcrumbList,guide,commercial_guide,page_view | scroll_50 | cta_click | internal_link_click | whatsapp_click,Chocó Andino Day Trip from Quito,Chocó Andino de Pichincha Biosphere Reserve | Pichincha | Ecuador,What should a traveler know before choosing Chocó Andino Day Trip from Quito?,What is this experience or place? | Who is it best for? | How long should I allow? | What must be confirmed before visiting?,Chocó Andino de Pichincha | northwest Quito | Pichincha | Ecuador,"Authentic regional landscape, producer, community or cultural image with permission; avoid generic stock and wildlife promises.",MBW GSC day-trip demand; Quito Turismo regional access context,Keep the page centered on the wider Chocó Andino; link narrow Mindo activity and specialist birding intent to sister sites.,900,1450,yes,0.8,monthly,index_follow,planned,yes,EN/ES parity | self-canonical | reciprocal hreflang | x-default EN | unique title/meta/H1 | valid schema | mobile QA | CTA/event QA | no price unless confirmed,"Do not publish fixed inclusions, times or price until operator routing is confirmed."
CAT010,10,phase_1,High,create,commercial_guide,day_trips,commercial,es,/es/excursion-choco-andino-desde-quito/,https://chocoandinotours.com/es/excursion-choco-andino-desde-quito/,/choco-andino-day-trip-from-quito/,https://chocoandinotours.com/choco-andino-day-trip-from-quito/,https://chocoandinotours.com/es/excursion-choco-andino-desde-quito/,https://chocoandinotours.com/choco-andino-day-trip-from-quito/,https://chocoandinotours.com/es/excursion-choco-andino-desde-quito/,https://chocoandinotours.com/choco-andino-day-trip-from-quito/,Excursión al Chocó Andino desde Quito,Excursión al Chocó Andino desde Quito | Ruta Privada,"Planifica una excursión privada desde Quito con una ruta realista que combine cultura, productores locales y paisajes de bosque nublado.",Excursión al Chocó Andino desde Quito,excursión Chocó Andino desde Quito,Chocó Andino day trip from Quito,Chocó Andino Ecuador | noroccidente de Quito | experiencia guiada local,commercial,independent_travelers_couples_families_small_groups,bottom,Responder la pregunta principal sobre Excursión al Chocó Andino desde Quito y llevar al visitante a la siguiente decisión correcta.,"Solicitud calificada, conversación por WhatsApp o derivación intencional al sitio hermano",TBD_CAT_PRODUCT_MAP,custom_route_needs_confirmation,Solicitar una excursión,Comparar rutas,/es/tours-privados-choco-andino/ | /es/transporte-quito-choco-andino/ | /es/reservar-tour/,,Service | FAQPage | WebPage | BreadcrumbList,guide,commercial_guide,page_view | scroll_50 | cta_click | internal_link_click | whatsapp_click,Excursión al Chocó Andino desde Quito,Reserva de Biósfera del Chocó Andino de Pichincha | Pichincha | Ecuador,¿Qué debe saber un viajero antes de elegir Excursión al Chocó Andino desde Quito?,¿Qué es esta experiencia o lugar? | ¿Para quién es adecuada? | ¿Cuánto tiempo se necesita? | ¿Qué se debe confirmar antes de visitar?,Chocó Andino de Pichincha | noroccidente de Quito | Pichincha | Ecuador,"Imagen auténtica de paisaje, productor, comunidad o cultura con permiso; evitar fotos genéricas y promesas de fauna.",MBW GSC day-trip demand; Quito Turismo regional access context,Mantener el enfoque en el Chocó Andino amplio; dirigir actividades puntuales de Mindo y aviturismo especializado a sitios hermanos.,900,1450,yes,0.8,monthly,index_follow,planned,yes,EN/ES parity | self-canonical | reciprocal hreflang | x-default EN | unique title/meta/H1 | valid schema | mobile QA | CTA/event QA | no price unless confirmed,"Do not publish fixed inclusions, times or price until operator routing is confirmed."
CAT011,11,phase_1,High,create,commercial_page,private_tours,commercial,en,/private-tours-choco-andino/,https://chocoandinotours.com/private-tours-choco-andino/,/es/tours-privados-choco-andino/,https://chocoandinotours.com/es/tours-privados-choco-andino/,https://chocoandinotours.com/private-tours-choco-andino/,https://chocoandinotours.com/private-tours-choco-andino/,https://chocoandinotours.com/es/tours-privados-choco-andino/,https://chocoandinotours.com/private-tours-choco-andino/,Private Tours in the Chocó Andino,Private Tours in the Chocó Andino | Custom Ecuador Routes,"Plan a private Chocó Andino route for couples, families and small groups with flexible pacing, local context and confirmed logistics.",Private Tours in the Chocó Andino,private Chocó Andino tours,tours privados Chocó Andino,Chocó Andino Ecuador | northwest Quito | local guided experience,commercial,independent_travelers_couples_families_small_groups,bottom,Answer the core planning question for Private Tours in the Chocó Andino and move the visitor to the correct next decision.,"Qualified tour request, WhatsApp conversation or intentional sister-site handoff",TBD_CAT_PRODUCT_MAP,custom_route_needs_confirmation,Request a private plan,Explore experiences,/tours/ | /experiences/ | /book-tour/,,Service | FAQPage | WebPage | BreadcrumbList,guide,commercial_page,page_view | scroll_50 | cta_click | internal_link_click | whatsapp_click,Private Tours in the Chocó Andino,Chocó Andino de Pichincha Biosphere Reserve | Pichincha | Ecuador,What should a traveler know before choosing Private Tours in the Chocó Andino?,What is this experience or place? | Who is it best for? | How long should I allow? | What must be confirmed before visiting?,Chocó Andino de Pichincha | northwest Quito | Pichincha | Ecuador,"Authentic regional landscape, producer, community or cultural image with permission; avoid generic stock and wildlife promises.",MindoTours private-tour pattern; regional destination evidence,Keep the page centered on the wider Chocó Andino; link narrow Mindo activity and specialist birding intent to sister sites.,900,1450,yes,0.8,monthly,index_follow,planned,yes,EN/ES parity | self-canonical | reciprocal hreflang | x-default EN | unique title/meta/H1 | valid schema | mobile QA | CTA/event QA | no price unless confirmed,"Position as custom regional planning, not a clone of MindoTours private pages."
CAT011,11,phase_1,High,create,commercial_page,private_tours,commercial,es,/es/tours-privados-choco-andino/,https://chocoandinotours.com/es/tours-privados-choco-andino/,/private-tours-choco-andino/,https://chocoandinotours.com/private-tours-choco-andino/,https://chocoandinotours.com/es/tours-privados-choco-andino/,https://chocoandinotours.com/private-tours-choco-andino/,https://chocoandinotours.com/es/tours-privados-choco-andino/,https://chocoandinotours.com/private-tours-choco-andino/,Tours Privados en el Chocó Andino,Tours Privados en el Chocó Andino | Rutas a Medida,"Planifica una ruta privada para parejas, familias y grupos pequeños con ritmo flexible, contexto local y logística confirmada.",Tours Privados en el Chocó Andino,tours privados Chocó Andino,private Chocó Andino tours,Chocó Andino Ecuador | noroccidente de Quito | experiencia guiada local,commercial,independent_travelers_couples_families_small_groups,bottom,Responder la pregunta principal sobre Tours Privados en el Chocó Andino y llevar al visitante a la siguiente decisión correcta.,"Solicitud calificada, conversación por WhatsApp o derivación intencional al sitio hermano",TBD_CAT_PRODUCT_MAP,custom_route_needs_confirmation,Solicitar un plan privado,Explorar experiencias,/es/tours/ | /es/experiencias/ | /es/reservar-tour/,,Service | FAQPage | WebPage | BreadcrumbList,guide,commercial_page,page_view | scroll_50 | cta_click | internal_link_click | whatsapp_click,Tours Privados en el Chocó Andino,Reserva de Biósfera del Chocó Andino de Pichincha | Pichincha | Ecuador,¿Qué debe saber un viajero antes de elegir Tours Privados en el Chocó Andino?,¿Qué es esta experiencia o lugar? | ¿Para quién es adecuada? | ¿Cuánto tiempo se necesita? | ¿Qué se debe confirmar antes de visitar?,Chocó Andino de Pichincha | noroccidente de Quito | Pichincha | Ecuador,"Imagen auténtica de paisaje, productor, comunidad o cultura con permiso; evitar fotos genéricas y promesas de fauna.",MindoTours private-tour pattern; regional destination evidence,Mantener el enfoque en el Chocó Andino amplio; dirigir actividades puntuales de Mindo y aviturismo especializado a sitios hermanos.,900,1450,yes,0.8,monthly,index_follow,planned,yes,EN/ES parity | self-canonical | reciprocal hreflang | x-default EN | unique title/meta/H1 | valid schema | mobile QA | CTA/event QA | no price unless confirmed,"Position as custom regional planning, not a clone of MindoTours private pages."
CAT012,12,phase_1,High,create,experience_page,cacao_chocolate,commercial,en,/experiences/cacao-chocolate-choco-andino/,https://chocoandinotours.com/experiences/cacao-chocolate-choco-andino/,/es/experiencias/cacao-y-chocolate-choco-andino/,https://chocoandinotours.com/es/experiencias/cacao-y-chocolate-choco-andino/,https://chocoandinotours.com/experiences/cacao-chocolate-choco-andino/,https://chocoandinotours.com/experiences/cacao-chocolate-choco-andino/,https://chocoandinotours.com/es/experiencias/cacao-y-chocolate-choco-andino/,https://chocoandinotours.com/experiences/cacao-chocolate-choco-andino/,Cacao and Chocolate Experiences in the Chocó Andino,Cacao and Chocolate in the Chocó Andino | Tours,"Explore cacao farms, artisanal chocolate and tasting experiences in the Chocó Andino, with availability and exact inclusions confirmed before booking.",Cacao and Chocolate Experiences in the Chocó Andino,Chocó Andino cacao tour,tour de cacao Chocó Andino,Ecuador cacao tour | artisanal chocolate | cacao farm visit,commercial,culture_food_travelers,bottom,Answer the core planning question for Cacao and Chocolate Experiences in the Chocó Andino and move the visitor to the correct next decision.,"Qualified tour request, WhatsApp conversation or intentional sister-site handoff",TBD_CAT_PRODUCT_MAP,active_category_provider_mapping_required,Plan a cacao experience,Ask what is available,/experiences/ | /food-and-culture-choco-andino/ | /local-farms-and-producers-choco-andino/ | /book-tour/,,Service | FAQPage | WebPage | BreadcrumbList,guide,experience_page,page_view | scroll_50 | cta_click | internal_link_click | whatsapp_click,Cacao and Chocolate Experiences in the Chocó Andino,Chocó Andino de Pichincha Biosphere Reserve | Pichincha | Ecuador,What should a traveler know before choosing Cacao and Chocolate Experiences in the Chocó Andino?,What is this experience or place? | Who is it best for? | How long should I allow? | What must be confirmed before visiting?,Chocó Andino de Pichincha | northwest Quito | Pichincha | Ecuador,"Authentic regional landscape, producer, community or cultural image with permission; avoid generic stock and wildlife promises.",MBW GSC chocolate demand; staff catalog; Quito Turismo cacao evidence,Own regional producer and cultural intent; cross-link rather than copy the single Mindo activity page.,900,1450,yes,0.8,monthly,index_follow,planned,yes,EN/ES parity | self-canonical | reciprocal hreflang | x-default EN | unique title/meta/H1 | valid schema | mobile QA | CTA/event QA | no price unless confirmed,Own the regional cacao story; cross-link the Mindo single-stop chocolate page without duplicating it.
CAT012,12,phase_1,High,create,experience_page,cacao_chocolate,commercial,es,/es/experiencias/cacao-y-chocolate-choco-andino/,https://chocoandinotours.com/es/experiencias/cacao-y-chocolate-choco-andino/,/experiences/cacao-chocolate-choco-andino/,https://chocoandinotours.com/experiences/cacao-chocolate-choco-andino/,https://chocoandinotours.com/es/experiencias/cacao-y-chocolate-choco-andino/,https://chocoandinotours.com/experiences/cacao-chocolate-choco-andino/,https://chocoandinotours.com/es/experiencias/cacao-y-chocolate-choco-andino/,https://chocoandinotours.com/experiences/cacao-chocolate-choco-andino/,Experiencias de Cacao y Chocolate en el Chocó Andino,Cacao y Chocolate en el Chocó Andino | Tours,"Explora fincas de cacao, chocolate artesanal y experiencias de degustación, con disponibilidad e inclusiones confirmadas antes de reservar.",Experiencias de Cacao y Chocolate en el Chocó Andino,tour de cacao Chocó Andino,Chocó Andino cacao tour,tour de cacao Ecuador | chocolate artesanal | visita a finca de cacao,commercial,culture_food_travelers,bottom,Responder la pregunta principal sobre Experiencias de Cacao y Chocolate en el Chocó Andino y llevar al visitante a la siguiente decisión correcta.,"Solicitud calificada, conversación por WhatsApp o derivación intencional al sitio hermano",TBD_CAT_PRODUCT_MAP,active_category_provider_mapping_required,Planificar una experiencia de cacao,Consultar disponibilidad,/es/experiencias/ | /es/gastronomia-y-cultura-choco-andino/ | /es/fincas-y-productores-choco-andino/ | /es/reservar-tour/,,Service | FAQPage | WebPage | BreadcrumbList,guide,experience_page,page_view | scroll_50 | cta_click | internal_link_click | whatsapp_click,Experiencias de Cacao y Chocolate en el Chocó Andino,Reserva de Biósfera del Chocó Andino de Pichincha | Pichincha | Ecuador,¿Qué debe saber un viajero antes de elegir Experiencias de Cacao y Chocolate en el Chocó Andino?,¿Qué es esta experiencia o lugar? | ¿Para quién es adecuada? | ¿Cuánto tiempo se necesita? | ¿Qué se debe confirmar antes de visitar?,Chocó Andino de Pichincha | noroccidente de Quito | Pichincha | Ecuador,"Imagen auténtica de paisaje, productor, comunidad o cultura con permiso; evitar fotos genéricas y promesas de fauna.",MBW GSC chocolate demand; staff catalog; Quito Turismo cacao evidence,Cubrir intención regional y cultural; enlazar sin copiar la página de actividad de Mindo.,900,1450,yes,0.8,monthly,index_follow,planned,yes,EN/ES parity | self-canonical | reciprocal hreflang | x-default EN | unique title/meta/H1 | valid schema | mobile QA | CTA/event QA | no price unless confirmed,Own the regional cacao story; cross-link the Mindo single-stop chocolate page without duplicating it.
CAT013,13,phase_1,High,create,experience_page,coffee,commercial,en,/experiences/coffee-farms-choco-andino/,https://chocoandinotours.com/experiences/coffee-farms-choco-andino/,/es/experiencias/fincas-de-cafe-choco-andino/,https://chocoandinotours.com/es/experiencias/fincas-de-cafe-choco-andino/,https://chocoandinotours.com/experiences/coffee-farms-choco-andino/,https://chocoandinotours.com/experiences/coffee-farms-choco-andino/,https://chocoandinotours.com/es/experiencias/fincas-de-cafe-choco-andino/,https://chocoandinotours.com/experiences/coffee-farms-choco-andino/,Coffee Farm Experiences in the Chocó Andino,Coffee Farm Experiences in the Chocó Andino | Ecuador,"Visit coffee producers and learn about cultivation, roasting and tasting in the Chocó Andino, subject to current farm access and availability.",Coffee Farm Experiences in the Chocó Andino,Chocó Andino coffee tour,tour de café Chocó Andino,Ecuador coffee tour | coffee farm visit | coffee tasting,commercial,culture_food_travelers,bottom,Answer the core planning question for Coffee Farm Experiences in the Chocó Andino and move the visitor to the correct next decision.,"Qualified tour request, WhatsApp conversation or intentional sister-site handoff",TBD_CAT_PRODUCT_MAP,active_category_provider_mapping_required,Plan a coffee visit,Ask what is available,/experiences/ | /food-and-culture-choco-andino/ | /local-farms-and-producers-choco-andino/ | /book-tour/,,Service | FAQPage | WebPage | BreadcrumbList,guide,experience_page,page_view | scroll_50 | cta_click | internal_link_click | whatsapp_click,Coffee Farm Experiences in the Chocó Andino,Chocó Andino de Pichincha Biosphere Reserve | Pichincha | Ecuador,What should a traveler know before choosing Coffee Farm Experiences in the Chocó Andino?,What is this experience or place? | Who is it best for? | How long should I allow? | What must be confirmed before visiting?,Chocó Andino de Pichincha | northwest Quito | Pichincha | Ecuador,"Authentic regional landscape, producer, community or cultural image with permission; avoid generic stock and wildlife promises.",MBW GSC coffee demand; staff catalog; Quito Turismo coffee evidence,Own regional producer and cultural intent; cross-link rather than copy the single Mindo activity page.,900,1450,yes,0.8,monthly,index_follow,planned,yes,EN/ES parity | self-canonical | reciprocal hreflang | x-default EN | unique title/meta/H1 | valid schema | mobile QA | CTA/event QA | no price unless confirmed,"Confirm farms, schedules, access and permission before naming providers."
CAT013,13,phase_1,High,create,experience_page,coffee,commercial,es,/es/experiencias/fincas-de-cafe-choco-andino/,https://chocoandinotours.com/es/experiencias/fincas-de-cafe-choco-andino/,/experiences/coffee-farms-choco-andino/,https://chocoandinotours.com/experiences/coffee-farms-choco-andino/,https://chocoandinotours.com/es/experiencias/fincas-de-cafe-choco-andino/,https://chocoandinotours.com/experiences/coffee-farms-choco-andino/,https://chocoandinotours.com/es/experiencias/fincas-de-cafe-choco-andino/,https://chocoandinotours.com/experiences/coffee-farms-choco-andino/,Experiencias en Fincas de Café del Chocó Andino,Fincas de Café del Chocó Andino | Experiencias,"Visita productores de café y conoce el cultivo, tostado y degustación, sujeto al acceso y disponibilidad actual de cada finca.",Experiencias en Fincas de Café del Chocó Andino,tour de café Chocó Andino,Chocó Andino coffee tour,tour de café Ecuador | finca de café | degustación de café,commercial,culture_food_travelers,bottom,Responder la pregunta principal sobre Experiencias en Fincas de Café del Chocó Andino y llevar al visitante a la siguiente decisión correcta.,"Solicitud calificada, conversación por WhatsApp o derivación intencional al sitio hermano",TBD_CAT_PRODUCT_MAP,active_category_provider_mapping_required,Planificar una visita de café,Consultar disponibilidad,/es/experiencias/ | /es/gastronomia-y-cultura-choco-andino/ | /es/fincas-y-productores-choco-andino/ | /es/reservar-tour/,,Service | FAQPage | WebPage | BreadcrumbList,guide,experience_page,page_view | scroll_50 | cta_click | internal_link_click | whatsapp_click,Experiencias en Fincas de Café del Chocó Andino,Reserva de Biósfera del Chocó Andino de Pichincha | Pichincha | Ecuador,¿Qué debe saber un viajero antes de elegir Experiencias en Fincas de Café del Chocó Andino?,¿Qué es esta experiencia o lugar? | ¿Para quién es adecuada? | ¿Cuánto tiempo se necesita? | ¿Qué se debe confirmar antes de visitar?,Chocó Andino de Pichincha | noroccidente de Quito | Pichincha | Ecuador,"Imagen auténtica de paisaje, productor, comunidad o cultura con permiso; evitar fotos genéricas y promesas de fauna.",MBW GSC coffee demand; staff catalog; Quito Turismo coffee evidence,Cubrir intención regional y cultural; enlazar sin copiar la página de actividad de Mindo.,900,1450,yes,0.8,monthly,index_follow,planned,yes,EN/ES parity | self-canonical | reciprocal hreflang | x-default EN | unique title/meta/H1 | valid schema | mobile QA | CTA/event QA | no price unless confirmed,"Confirm farms, schedules, access and permission before naming providers."
CAT014,14,phase_2,Medium,create,experience_hub,food_culture,support,en,/food-and-culture-choco-andino/,https://chocoandinotours.com/food-and-culture-choco-andino/,/es/gastronomia-y-cultura-choco-andino/,https://chocoandinotours.com/es/gastronomia-y-cultura-choco-andino/,https://chocoandinotours.com/food-and-culture-choco-andino/,https://chocoandinotours.com/food-and-culture-choco-andino/,https://chocoandinotours.com/es/gastronomia-y-cultura-choco-andino/,https://chocoandinotours.com/food-and-culture-choco-andino/,Food and Culture of the Chocó Andino,Food and Culture of the Chocó Andino | Local Guide,"Explore local food, agricultural traditions, cacao, coffee and community stories that shape travel through the Chocó Andino.",Food and Culture of the Chocó Andino,Chocó Andino food and culture,gastronomía Chocó Andino,Chocó Andino Ecuador | northwest Quito | local guided experience,informational_commercial,culture_food_travelers,middle,Answer the core planning question for Food and Culture of the Chocó Andino and move the visitor to the correct next decision.,"Qualified tour request, WhatsApp conversation or intentional sister-site handoff",TBD_CAT_PRODUCT_MAP,mixed_active_needs_mapping,Explore food experiences,Plan a cultural route,/experiences/cacao-chocolate-choco-andino/ | /experiences/coffee-farms-choco-andino/ | /community-tourism-choco-andino/,,CollectionPage | ItemList | WebPage | BreadcrumbList,guide,experience_hub,page_view | scroll_50 | cta_click | internal_link_click | whatsapp_click,Food and Culture of the Chocó Andino,Chocó Andino de Pichincha Biosphere Reserve | Pichincha | Ecuador,What should a traveler know before choosing Food and Culture of the Chocó Andino?,What is this experience or place? | Who is it best for? | How long should I allow? | What must be confirmed before visiting?,Chocó Andino de Pichincha | northwest Quito | Pichincha | Ecuador,"Authentic regional landscape, producer, community or cultural image with permission; avoid generic stock and wildlife promises.","Quito Turismo culture, agriculture and gastronomy evidence",Keep the page centered on the wider Chocó Andino; link narrow Mindo activity and specialist birding intent to sister sites.,1100,1700,yes,0.6,quarterly,index_follow,planned,yes,EN/ES parity | self-canonical | reciprocal hreflang | x-default EN | unique title/meta/H1 | valid schema | mobile QA | CTA/event QA | no price unless confirmed,Use verified local dishes and producer stories only after interviews or source review.
CAT014,14,phase_2,Medium,create,experience_hub,food_culture,support,es,/es/gastronomia-y-cultura-choco-andino/,https://chocoandinotours.com/es/gastronomia-y-cultura-choco-andino/,/food-and-culture-choco-andino/,https://chocoandinotours.com/food-and-culture-choco-andino/,https://chocoandinotours.com/es/gastronomia-y-cultura-choco-andino/,https://chocoandinotours.com/food-and-culture-choco-andino/,https://chocoandinotours.com/es/gastronomia-y-cultura-choco-andino/,https://chocoandinotours.com/food-and-culture-choco-andino/,Gastronomía y Cultura del Chocó Andino,Gastronomía y Cultura del Chocó Andino | Guía Local,"Explora gastronomía local, tradiciones agrícolas, cacao, café e historias comunitarias que dan forma a los viajes por el Chocó Andino.",Gastronomía y Cultura del Chocó Andino,gastronomía Chocó Andino,Chocó Andino food and culture,Chocó Andino Ecuador | noroccidente de Quito | experiencia guiada local,informational_commercial,culture_food_travelers,middle,Responder la pregunta principal sobre Gastronomía y Cultura del Chocó Andino y llevar al visitante a la siguiente decisión correcta.,"Solicitud calificada, conversación por WhatsApp o derivación intencional al sitio hermano",TBD_CAT_PRODUCT_MAP,mixed_active_needs_mapping,Explorar experiencias gastronómicas,Planificar una ruta cultural,/es/experiencias/cacao-y-chocolate-choco-andino/ | /es/experiencias/fincas-de-cafe-choco-andino/ | /es/turismo-comunitario-choco-andino/,,CollectionPage | ItemList | WebPage | BreadcrumbList,guide,experience_hub,page_view | scroll_50 | cta_click | internal_link_click | whatsapp_click,Gastronomía y Cultura del Chocó Andino,Reserva de Biósfera del Chocó Andino de Pichincha | Pichincha | Ecuador,¿Qué debe saber un viajero antes de elegir Gastronomía y Cultura del Chocó Andino?,¿Qué es esta experiencia o lugar? | ¿Para quién es adecuada? | ¿Cuánto tiempo se necesita? | ¿Qué se debe confirmar antes de visitar?,Chocó Andino de Pichincha | noroccidente de Quito | Pichincha | Ecuador,"Imagen auténtica de paisaje, productor, comunidad o cultura con permiso; evitar fotos genéricas y promesas de fauna.","Quito Turismo culture, agriculture and gastronomy evidence",Mantener el enfoque en el Chocó Andino amplio; dirigir actividades puntuales de Mindo y aviturismo especializado a sitios hermanos.,1100,1700,yes,0.6,quarterly,index_follow,planned,yes,EN/ES parity | self-canonical | reciprocal hreflang | x-default EN | unique title/meta/H1 | valid schema | mobile QA | CTA/event QA | no price unless confirmed,Use verified local dishes and producer stories only after interviews or source review.
CAT015,15,phase_1,High,create,experience_hub,community_tourism,pillar,en,/community-tourism-choco-andino/,https://chocoandinotours.com/community-tourism-choco-andino/,/es/turismo-comunitario-choco-andino/,https://chocoandinotours.com/es/turismo-comunitario-choco-andino/,https://chocoandinotours.com/community-tourism-choco-andino/,https://chocoandinotours.com/community-tourism-choco-andino/,https://chocoandinotours.com/es/turismo-comunitario-choco-andino/,https://chocoandinotours.com/community-tourism-choco-andino/,Community Tourism in the Chocó Andino,Community Tourism in the Chocó Andino | Ecuador,Learn how to plan respectful community-based visits in Yunguilla and the wider Chocó Andino with local participation and confirmed arrangements.,Community Tourism in the Chocó Andino,community tourism Chocó Andino,turismo comunitario Chocó Andino,community based tourism Ecuador | rural tourism near Quito,informational_commercial,responsible_travelers,middle,Answer the core planning question for Community Tourism in the Chocó Andino and move the visitor to the correct next decision.,"Qualified tour request, WhatsApp conversation or intentional sister-site handoff",TBD_CAT_PRODUCT_MAP,partnerships_require_confirmation,Explore community visits,Request a responsible route,/yunguilla-community-tourism/ | /responsible-travel-choco-andino/ | /book-tour/,,CollectionPage | ItemList | WebPage | BreadcrumbList,hub,experience_hub,page_view | scroll_50 | cta_click | internal_link_click | whatsapp_click,Community Tourism in the Chocó Andino,Chocó Andino de Pichincha Biosphere Reserve | Pichincha | Ecuador,What should a traveler know before choosing Community Tourism in the Chocó Andino?,What is this experience or place? | Who is it best for? | How long should I allow? | What must be confirmed before visiting?,Chocó Andino de Pichincha | northwest Quito | Pichincha | Ecuador,"Authentic regional landscape, producer, community or cultural image with permission; avoid generic stock and wildlife promises.",Quito Turismo responsible-tourism and Yunguilla evidence,Keep the page centered on the wider Chocó Andino; link narrow Mindo activity and specialist birding intent to sister sites.,1100,1700,yes,0.8,quarterly,index_follow,planned,yes,EN/ES parity | self-canonical | reciprocal hreflang | x-default EN | unique title/meta/H1 | valid schema | mobile QA | CTA/event QA | no price unless confirmed,"No community, homestay or revenue-benefit claims without written confirmation."
CAT015,15,phase_1,High,create,experience_hub,community_tourism,pillar,es,/es/turismo-comunitario-choco-andino/,https://chocoandinotours.com/es/turismo-comunitario-choco-andino/,/community-tourism-choco-andino/,https://chocoandinotours.com/community-tourism-choco-andino/,https://chocoandinotours.com/es/turismo-comunitario-choco-andino/,https://chocoandinotours.com/community-tourism-choco-andino/,https://chocoandinotours.com/es/turismo-comunitario-choco-andino/,https://chocoandinotours.com/community-tourism-choco-andino/,Turismo Comunitario en el Chocó Andino,Turismo Comunitario en el Chocó Andino | Ecuador,Conoce cómo planificar visitas respetuosas en Yunguilla y el Chocó Andino con participación local y arreglos confirmados.,Turismo Comunitario en el Chocó Andino,turismo comunitario Chocó Andino,community tourism Chocó Andino,turismo comunitario Ecuador | turismo rural cerca de Quito,informational_commercial,responsible_travelers,middle,Responder la pregunta principal sobre Turismo Comunitario en el Chocó Andino y llevar al visitante a la siguiente decisión correcta.,"Solicitud calificada, conversación por WhatsApp o derivación intencional al sitio hermano",TBD_CAT_PRODUCT_MAP,partnerships_require_confirmation,Explorar visitas comunitarias,Solicitar una ruta responsable,/es/turismo-comunitario-yunguilla/ | /es/viaje-responsable-choco-andino/ | /es/reservar-tour/,,CollectionPage | ItemList | WebPage | BreadcrumbList,hub,experience_hub,page_view | scroll_50 | cta_click | internal_link_click | whatsapp_click,Turismo Comunitario en el Chocó Andino,Reserva de Biósfera del Chocó Andino de Pichincha | Pichincha | Ecuador,¿Qué debe saber un viajero antes de elegir Turismo Comunitario en el Chocó Andino?,¿Qué es esta experiencia o lugar? | ¿Para quién es adecuada? | ¿Cuánto tiempo se necesita? | ¿Qué se debe confirmar antes de visitar?,Chocó Andino de Pichincha | noroccidente de Quito | Pichincha | Ecuador,"Imagen auténtica de paisaje, productor, comunidad o cultura con permiso; evitar fotos genéricas y promesas de fauna.",Quito Turismo responsible-tourism and Yunguilla evidence,Mantener el enfoque en el Chocó Andino amplio; dirigir actividades puntuales de Mindo y aviturismo especializado a sitios hermanos.,1100,1700,yes,0.8,quarterly,index_follow,planned,yes,EN/ES parity | self-canonical | reciprocal hreflang | x-default EN | unique title/meta/H1 | valid schema | mobile QA | CTA/event QA | no price unless confirmed,"No community, homestay or revenue-benefit claims without written confirmation."
CAT016,16,phase_1,High,create,responsible_travel_guide,conservation,support,en,/responsible-travel-choco-andino/,https://chocoandinotours.com/responsible-travel-choco-andino/,/es/viaje-responsable-choco-andino/,https://chocoandinotours.com/es/viaje-responsable-choco-andino/,https://chocoandinotours.com/responsible-travel-choco-andino/,https://chocoandinotours.com/responsible-travel-choco-andino/,https://chocoandinotours.com/es/viaje-responsable-choco-andino/,https://chocoandinotours.com/responsible-travel-choco-andino/,Responsible Travel in the Chocó Andino,Responsible Travel in the Chocó Andino | Visitor Guide,"Use practical guidance to reduce impact, respect communities and support conservation while visiting the Chocó Andino Biosphere Reserve.",Responsible Travel in the Chocó Andino,responsible travel Chocó Andino,viaje responsable Chocó Andino,Chocó Andino Ecuador | northwest Quito | local guided experience,informational,responsible_travelers,top_middle,Answer the core planning question for Responsible Travel in the Chocó Andino and move the visitor to the correct next decision.,"Qualified tour request, WhatsApp conversation or intentional sister-site handoff",TBD_CAT_PRODUCT_MAP,not_applicable,Read visitor guidance,Plan responsibly,/choco-andino-biosphere-reserve/ | /community-tourism-choco-andino/ | /local-farms-and-producers-choco-andino/,,Article | FAQPage | WebPage | BreadcrumbList,guide,responsible_travel_guide,page_view | scroll_50 | cta_click | internal_link_click | whatsapp_click,Responsible Travel in the Chocó Andino,Chocó Andino de Pichincha Biosphere Reserve | Pichincha | Ecuador,What should a traveler know before choosing Responsible Travel in the Chocó Andino?,What is this experience or place? | Who is it best for? | How long should I allow? | What must be confirmed before visiting?,Chocó Andino de Pichincha | northwest Quito | Pichincha | Ecuador,"Authentic regional landscape, producer, community or cultural image with permission; avoid generic stock and wildlife promises.",UNESCO biosphere framework; Quito Turismo responsible-tourism evidence,Keep the page centered on the wider Chocó Andino; link narrow Mindo activity and specialist birding intent to sister sites.,900,1450,yes,0.8,quarterly,index_follow,planned,yes,EN/ES parity | self-canonical | reciprocal hreflang | x-default EN | unique title/meta/H1 | valid schema | mobile QA | CTA/event QA | no price unless confirmed,Avoid unsupported sustainability certifications or guaranteed benefit claims.
CAT016,16,phase_1,High,create,responsible_travel_guide,conservation,support,es,/es/viaje-responsable-choco-andino/,https://chocoandinotours.com/es/viaje-responsable-choco-andino/,/responsible-travel-choco-andino/,https://chocoandinotours.com/responsible-travel-choco-andino/,https://chocoandinotours.com/es/viaje-responsable-choco-andino/,https://chocoandinotours.com/responsible-travel-choco-andino/,https://chocoandinotours.com/es/viaje-responsable-choco-andino/,https://chocoandinotours.com/responsible-travel-choco-andino/,Viaje Responsable en el Chocó Andino,Viaje Responsable en el Chocó Andino | Guía,"Sigue recomendaciones prácticas para reducir impactos, respetar comunidades y apoyar la conservación al visitar la Reserva de Biósfera.",Viaje Responsable en el Chocó Andino,viaje responsable Chocó Andino,responsible travel Chocó Andino,Chocó Andino Ecuador | noroccidente de Quito | experiencia guiada local,informational,responsible_travelers,top_middle,Responder la pregunta principal sobre Viaje Responsable en el Chocó Andino y llevar al visitante a la siguiente decisión correcta.,"Solicitud calificada, conversación por WhatsApp o derivación intencional al sitio hermano",TBD_CAT_PRODUCT_MAP,not_applicable,Leer recomendaciones,Planificar responsablemente,/es/reserva-de-biosfera-choco-andino/ | /es/turismo-comunitario-choco-andino/ | /es/fincas-y-productores-choco-andino/,,Article | FAQPage | WebPage | BreadcrumbList,guide,responsible_travel_guide,page_view | scroll_50 | cta_click | internal_link_click | whatsapp_click,Viaje Responsable en el Chocó Andino,Reserva de Biósfera del Chocó Andino de Pichincha | Pichincha | Ecuador,¿Qué debe saber un viajero antes de elegir Viaje Responsable en el Chocó Andino?,¿Qué es esta experiencia o lugar? | ¿Para quién es adecuada? | ¿Cuánto tiempo se necesita? | ¿Qué se debe confirmar antes de visitar?,Chocó Andino de Pichincha | noroccidente de Quito | Pichincha | Ecuador,"Imagen auténtica de paisaje, productor, comunidad o cultura con permiso; evitar fotos genéricas y promesas de fauna.",UNESCO biosphere framework; Quito Turismo responsible-tourism evidence,Mantener el enfoque en el Chocó Andino amplio; dirigir actividades puntuales de Mindo y aviturismo especializado a sitios hermanos.,900,1450,yes,0.8,quarterly,index_follow,planned,yes,EN/ES parity | self-canonical | reciprocal hreflang | x-default EN | unique title/meta/H1 | valid schema | mobile QA | CTA/event QA | no price unless confirmed,Avoid unsupported sustainability certifications or guaranteed benefit claims.
CAT017,17,phase_2,Medium,create,cultural_guide,yumbo_culture,support,en,/yumbo-culture-choco-andino/,https://chocoandinotours.com/yumbo-culture-choco-andino/,/es/cultura-yumbo-choco-andino/,https://chocoandinotours.com/es/cultura-yumbo-choco-andino/,https://chocoandinotours.com/yumbo-culture-choco-andino/,https://chocoandinotours.com/yumbo-culture-choco-andino/,https://chocoandinotours.com/es/cultura-yumbo-choco-andino/,https://chocoandinotours.com/yumbo-culture-choco-andino/,Yumbo Culture and the Chocó Andino,Yumbo Culture and the Chocó Andino | History Guide,"Learn about the Yumbo people, regional exchange routes and archaeological context before visiting Tulipe and the Chocó Andino.",Yumbo Culture and the Chocó Andino,Yumbo culture Ecuador,cultura Yumbo Ecuador,Chocó Andino Ecuador | northwest Quito | local guided experience,informational,independent_travelers_couples_families_small_groups,top_middle,Answer the core planning question for Yumbo Culture and the Chocó Andino and move the visitor to the correct next decision.,"Qualified tour request, WhatsApp conversation or intentional sister-site handoff",TBD_CAT_PRODUCT_MAP,not_applicable,Learn the regional history,Plan a cultural visit,/tulipe-archaeological-site/ | /food-and-culture-choco-andino/ | /tours/,,Article | FAQPage | WebPage | BreadcrumbList,guide,cultural_guide,page_view | scroll_50 | cta_click | internal_link_click | whatsapp_click,Yumbo Culture and the Chocó Andino,Chocó Andino de Pichincha Biosphere Reserve | Pichincha | Ecuador,What should a traveler know before choosing Yumbo Culture and the Chocó Andino?,What is this experience or place? | Who is it best for? | How long should I allow? | What must be confirmed before visiting?,Chocó Andino de Pichincha | northwest Quito | Pichincha | Ecuador,"Authentic regional landscape, producer, community or cultural image with permission; avoid generic stock and wildlife promises.",UNESCO socioeconomic profile; Quito Turismo Tulipe evidence,Keep the page centered on the wider Chocó Andino; link narrow Mindo activity and specialist birding intent to sister sites.,900,1450,yes,0.6,quarterly,index_follow,planned,yes,EN/ES parity | self-canonical | reciprocal hreflang | x-default EN | unique title/meta/H1 | valid schema | mobile QA | CTA/event QA | no price unless confirmed,Require careful source citation and expert review for historical claims.
CAT017,17,phase_2,Medium,create,cultural_guide,yumbo_culture,support,es,/es/cultura-yumbo-choco-andino/,https://chocoandinotours.com/es/cultura-yumbo-choco-andino/,/yumbo-culture-choco-andino/,https://chocoandinotours.com/yumbo-culture-choco-andino/,https://chocoandinotours.com/es/cultura-yumbo-choco-andino/,https://chocoandinotours.com/yumbo-culture-choco-andino/,https://chocoandinotours.com/es/cultura-yumbo-choco-andino/,https://chocoandinotours.com/yumbo-culture-choco-andino/,Cultura Yumbo y el Chocó Andino,Cultura Yumbo y el Chocó Andino | Guía Histórica,"Conoce al pueblo Yumbo, sus rutas de intercambio y el contexto arqueológico antes de visitar Tulipe y el Chocó Andino.",Cultura Yumbo y el Chocó Andino,cultura Yumbo Ecuador,Yumbo culture Ecuador,Chocó Andino Ecuador | noroccidente de Quito | experiencia guiada local,informational,independent_travelers_couples_families_small_groups,top_middle,Responder la pregunta principal sobre Cultura Yumbo y el Chocó Andino y llevar al visitante a la siguiente decisión correcta.,"Solicitud calificada, conversación por WhatsApp o derivación intencional al sitio hermano",TBD_CAT_PRODUCT_MAP,not_applicable,Conocer la historia regional,Planificar una visita cultural,/es/sitio-arqueologico-tulipe/ | /es/gastronomia-y-cultura-choco-andino/ | /es/tours/,,Article | FAQPage | WebPage | BreadcrumbList,guide,cultural_guide,page_view | scroll_50 | cta_click | internal_link_click | whatsapp_click,Cultura Yumbo y el Chocó Andino,Reserva de Biósfera del Chocó Andino de Pichincha | Pichincha | Ecuador,¿Qué debe saber un viajero antes de elegir Cultura Yumbo y el Chocó Andino?,¿Qué es esta experiencia o lugar? | ¿Para quién es adecuada? | ¿Cuánto tiempo se necesita? | ¿Qué se debe confirmar antes de visitar?,Chocó Andino de Pichincha | noroccidente de Quito | Pichincha | Ecuador,"Imagen auténtica de paisaje, productor, comunidad o cultura con permiso; evitar fotos genéricas y promesas de fauna.",UNESCO socioeconomic profile; Quito Turismo Tulipe evidence,Mantener el enfoque en el Chocó Andino amplio; dirigir actividades puntuales de Mindo y aviturismo especializado a sitios hermanos.,900,1450,yes,0.6,quarterly,index_follow,planned,yes,EN/ES parity | self-canonical | reciprocal hreflang | x-default EN | unique title/meta/H1 | valid schema | mobile QA | CTA/event QA | no price unless confirmed,Require careful source citation and expert review for historical claims.
CAT018,18,phase_2,Medium,create,destination_guide,tulipe,support,en,/tulipe-archaeological-site/,https://chocoandinotours.com/tulipe-archaeological-site/,/es/sitio-arqueologico-tulipe/,https://chocoandinotours.com/es/sitio-arqueologico-tulipe/,https://chocoandinotours.com/tulipe-archaeological-site/,https://chocoandinotours.com/tulipe-archaeological-site/,https://chocoandinotours.com/es/sitio-arqueologico-tulipe/,https://chocoandinotours.com/tulipe-archaeological-site/,Tulipe Archaeological Site Visitor Guide,Tulipe Archaeological Site | Chocó Andino Guide,"Plan a visit to Tulipe with cultural context, current access questions and ideas for combining archaeology with the wider Chocó Andino.",Tulipe Archaeological Site Visitor Guide,Tulipe archaeological site Ecuador,sitio arqueológico Tulipe,Chocó Andino Ecuador | northwest Quito | local guided experience,informational_commercial,independent_travelers_couples_families_small_groups,middle,Answer the core planning question for Tulipe Archaeological Site Visitor Guide and move the visitor to the correct next decision.,"Qualified tour request, WhatsApp conversation or intentional sister-site handoff",TBD_CAT_PRODUCT_MAP,access_requires_confirmation,Plan a Tulipe visit,Build a cultural day,/yumbo-culture-choco-andino/ | /choco-andino-day-trip-from-quito/ | /book-tour/,,Article | FAQPage | WebPage | BreadcrumbList,guide,destination_guide,page_view | scroll_50 | cta_click | internal_link_click | whatsapp_click,Tulipe Archaeological Site Visitor Guide,Chocó Andino de Pichincha Biosphere Reserve | Pichincha | Ecuador | Tulipe | Yumbo culture,What should a traveler know before choosing Tulipe Archaeological Site Visitor Guide?,What is this experience or place? | Who is it best for? | How long should I allow? | What must be confirmed before visiting?,Chocó Andino de Pichincha | northwest Quito | Pichincha | Ecuador,"Authentic regional landscape, producer, community or cultural image with permission; avoid generic stock and wildlife promises.",UNESCO Yumbo reference; Quito Turismo Tulipe destination evidence,Keep the page centered on the wider Chocó Andino; link narrow Mindo activity and specialist birding intent to sister sites.,900,1450,yes,0.6,quarterly,index_follow,planned,yes,EN/ES parity | self-canonical | reciprocal hreflang | x-default EN | unique title/meta/H1 | valid schema | mobile QA | CTA/event QA | no price unless confirmed,"Confirm opening, fees, access and guide rules close to publication."
CAT018,18,phase_2,Medium,create,destination_guide,tulipe,support,es,/es/sitio-arqueologico-tulipe/,https://chocoandinotours.com/es/sitio-arqueologico-tulipe/,/tulipe-archaeological-site/,https://chocoandinotours.com/tulipe-archaeological-site/,https://chocoandinotours.com/es/sitio-arqueologico-tulipe/,https://chocoandinotours.com/tulipe-archaeological-site/,https://chocoandinotours.com/es/sitio-arqueologico-tulipe/,https://chocoandinotours.com/tulipe-archaeological-site/,Guía del Sitio Arqueológico de Tulipe,Sitio Arqueológico de Tulipe | Guía del Chocó Andino,"Planifica una visita a Tulipe con contexto cultural, preguntas de acceso actual e ideas para combinar arqueología con el Chocó Andino.",Guía del Sitio Arqueológico de Tulipe,sitio arqueológico Tulipe,Tulipe archaeological site Ecuador,Chocó Andino Ecuador | noroccidente de Quito | experiencia guiada local,informational_commercial,independent_travelers_couples_families_small_groups,middle,Responder la pregunta principal sobre Guía del Sitio Arqueológico de Tulipe y llevar al visitante a la siguiente decisión correcta.,"Solicitud calificada, conversación por WhatsApp o derivación intencional al sitio hermano",TBD_CAT_PRODUCT_MAP,access_requires_confirmation,Planificar una visita a Tulipe,Armar un día cultural,/es/cultura-yumbo-choco-andino/ | /es/excursion-choco-andino-desde-quito/ | /es/reservar-tour/,,Article | FAQPage | WebPage | BreadcrumbList,guide,destination_guide,page_view | scroll_50 | cta_click | internal_link_click | whatsapp_click,Guía del Sitio Arqueológico de Tulipe,Reserva de Biósfera del Chocó Andino de Pichincha | Pichincha | Ecuador | Tulipe | Yumbo culture,¿Qué debe saber un viajero antes de elegir Guía del Sitio Arqueológico de Tulipe?,¿Qué es esta experiencia o lugar? | ¿Para quién es adecuada? | ¿Cuánto tiempo se necesita? | ¿Qué se debe confirmar antes de visitar?,Chocó Andino de Pichincha | noroccidente de Quito | Pichincha | Ecuador,"Imagen auténtica de paisaje, productor, comunidad o cultura con permiso; evitar fotos genéricas y promesas de fauna.",UNESCO Yumbo reference; Quito Turismo Tulipe destination evidence,Mantener el enfoque en el Chocó Andino amplio; dirigir actividades puntuales de Mindo y aviturismo especializado a sitios hermanos.,900,1450,yes,0.6,quarterly,index_follow,planned,yes,EN/ES parity | self-canonical | reciprocal hreflang | x-default EN | unique title/meta/H1 | valid schema | mobile QA | CTA/event QA | no price unless confirmed,"Confirm opening, fees, access and guide rules close to publication."
CAT019,19,phase_2,Medium,create,destination_guide,yunguilla,support,en,/yunguilla-community-tourism/,https://chocoandinotours.com/yunguilla-community-tourism/,/es/turismo-comunitario-yunguilla/,https://chocoandinotours.com/es/turismo-comunitario-yunguilla/,https://chocoandinotours.com/yunguilla-community-tourism/,https://chocoandinotours.com/yunguilla-community-tourism/,https://chocoandinotours.com/es/turismo-comunitario-yunguilla/,https://chocoandinotours.com/yunguilla-community-tourism/,Yunguilla Community Tourism Guide,Yunguilla Community Tourism | Chocó Andino Guide,"Learn how to arrange a respectful visit to Yunguilla, a recognized community tourism destination in the Chocó Andino near Quito.",Yunguilla Community Tourism Guide,Yunguilla community tourism,turismo comunitario Yunguilla,Chocó Andino Ecuador | northwest Quito | local guided experience,informational_commercial,independent_travelers_couples_families_small_groups,middle,Answer the core planning question for Yunguilla Community Tourism Guide and move the visitor to the correct next decision.,"Qualified tour request, WhatsApp conversation or intentional sister-site handoff",TBD_CAT_PRODUCT_MAP,partnership_required_before_sales,Explore Yunguilla,Ask about a community visit,/community-tourism-choco-andino/ | /responsible-travel-choco-andino/ | /book-tour/,,Article | FAQPage | WebPage | BreadcrumbList,guide,destination_guide,page_view | scroll_50 | cta_click | internal_link_click | whatsapp_click,Yunguilla Community Tourism Guide,Chocó Andino de Pichincha Biosphere Reserve | Pichincha | Ecuador | Yunguilla | community tourism,What should a traveler know before choosing Yunguilla Community Tourism Guide?,What is this experience or place? | Who is it best for? | How long should I allow? | What must be confirmed before visiting?,Chocó Andino de Pichincha | northwest Quito | Pichincha | Ecuador,"Authentic regional landscape, producer, community or cultural image with permission; avoid generic stock and wildlife promises.",Quito Turismo responsible-tourism and Yunguilla evidence,Keep the page centered on the wider Chocó Andino; link narrow Mindo activity and specialist birding intent to sister sites.,900,1450,yes,0.6,quarterly,index_follow,planned,yes,EN/ES parity | self-canonical | reciprocal hreflang | x-default EN | unique title/meta/H1 | valid schema | mobile QA | CTA/event QA | no price unless confirmed,Publish sales CTA only after confirming relationship and booking pathway.
CAT019,19,phase_2,Medium,create,destination_guide,yunguilla,support,es,/es/turismo-comunitario-yunguilla/,https://chocoandinotours.com/es/turismo-comunitario-yunguilla/,/yunguilla-community-tourism/,https://chocoandinotours.com/yunguilla-community-tourism/,https://chocoandinotours.com/es/turismo-comunitario-yunguilla/,https://chocoandinotours.com/yunguilla-community-tourism/,https://chocoandinotours.com/es/turismo-comunitario-yunguilla/,https://chocoandinotours.com/yunguilla-community-tourism/,Guía de Turismo Comunitario en Yunguilla,Turismo Comunitario en Yunguilla | Guía del Chocó Andino,"Conoce cómo organizar una visita respetuosa a Yunguilla, destino reconocido de turismo comunitario en el Chocó Andino.",Guía de Turismo Comunitario en Yunguilla,turismo comunitario Yunguilla,Yunguilla community tourism,Chocó Andino Ecuador | noroccidente de Quito | experiencia guiada local,informational_commercial,independent_travelers_couples_families_small_groups,middle,Responder la pregunta principal sobre Guía de Turismo Comunitario en Yunguilla y llevar al visitante a la siguiente decisión correcta.,"Solicitud calificada, conversación por WhatsApp o derivación intencional al sitio hermano",TBD_CAT_PRODUCT_MAP,partnership_required_before_sales,Explorar Yunguilla,Consultar una visita comunitaria,/es/turismo-comunitario-choco-andino/ | /es/viaje-responsable-choco-andino/ | /es/reservar-tour/,,Article | FAQPage | WebPage | BreadcrumbList,guide,destination_guide,page_view | scroll_50 | cta_click | internal_link_click | whatsapp_click,Guía de Turismo Comunitario en Yunguilla,Reserva de Biósfera del Chocó Andino de Pichincha | Pichincha | Ecuador | Yunguilla | community tourism,¿Qué debe saber un viajero antes de elegir Guía de Turismo Comunitario en Yunguilla?,¿Qué es esta experiencia o lugar? | ¿Para quién es adecuada? | ¿Cuánto tiempo se necesita? | ¿Qué se debe confirmar antes de visitar?,Chocó Andino de Pichincha | noroccidente de Quito | Pichincha | Ecuador,"Imagen auténtica de paisaje, productor, comunidad o cultura con permiso; evitar fotos genéricas y promesas de fauna.",Quito Turismo responsible-tourism and Yunguilla evidence,Mantener el enfoque en el Chocó Andino amplio; dirigir actividades puntuales de Mindo y aviturismo especializado a sitios hermanos.,900,1450,yes,0.6,quarterly,index_follow,planned,yes,EN/ES parity | self-canonical | reciprocal hreflang | x-default EN | unique title/meta/H1 | valid schema | mobile QA | CTA/event QA | no price unless confirmed,Publish sales CTA only after confirming relationship and booking pathway.
CAT020,20,phase_2,Medium,create,destination_guide,pacto,support,en,/pacto-choco-andino-guide/,https://chocoandinotours.com/pacto-choco-andino-guide/,/es/guia-pacto-choco-andino/,https://chocoandinotours.com/es/guia-pacto-choco-andino/,https://chocoandinotours.com/pacto-choco-andino-guide/,https://chocoandinotours.com/pacto-choco-andino-guide/,https://chocoandinotours.com/es/guia-pacto-choco-andino/,https://chocoandinotours.com/pacto-choco-andino-guide/,Pacto and the Chocó Andino,"Pacto, Ecuador | Chocó Andino Travel Guide","Explore Pacto as a gateway to rural landscapes, cacao, waterfalls and community life in the northwestern Chocó Andino.",Pacto and the Chocó Andino,Pacto Ecuador travel guide,guía de Pacto Ecuador,Chocó Andino Ecuador | northwest Quito | local guided experience,informational_commercial,independent_travelers_couples_families_small_groups,middle,Answer the core planning question for Pacto and the Chocó Andino and move the visitor to the correct next decision.,"Qualified tour request, WhatsApp conversation or intentional sister-site handoff",TBD_CAT_PRODUCT_MAP,route_and_providers_need_confirmation,Explore Pacto,Plan a regional route,/experiences/cacao-chocolate-choco-andino/ | /local-farms-and-producers-choco-andino/ | /tours/,,Article | FAQPage | WebPage | BreadcrumbList,guide,destination_guide,page_view | scroll_50 | cta_click | internal_link_click | whatsapp_click,Pacto and the Chocó Andino,Chocó Andino de Pichincha Biosphere Reserve | Pichincha | Ecuador | Pacto | cacao | rural landscapes,What should a traveler know before choosing Pacto and the Chocó Andino?,What is this experience or place? | Who is it best for? | How long should I allow? | What must be confirmed before visiting?,Chocó Andino de Pichincha | northwest Quito | Pichincha | Ecuador,"Authentic regional landscape, producer, community or cultural image with permission; avoid generic stock and wildlife promises.",UNESCO agriculture context; Quito Turismo Pacto and cacao evidence,Keep the page centered on the wider Chocó Andino; link narrow Mindo activity and specialist birding intent to sister sites.,900,1450,yes,0.6,quarterly,index_follow,planned,yes,EN/ES parity | self-canonical | reciprocal hreflang | x-default EN | unique title/meta/H1 | valid schema | mobile QA | CTA/event QA | no price unless confirmed,"Confirm exact attractions, travel times and providers; avoid presenting all area farms as public."
CAT020,20,phase_2,Medium,create,destination_guide,pacto,support,es,/es/guia-pacto-choco-andino/,https://chocoandinotours.com/es/guia-pacto-choco-andino/,/pacto-choco-andino-guide/,https://chocoandinotours.com/pacto-choco-andino-guide/,https://chocoandinotours.com/es/guia-pacto-choco-andino/,https://chocoandinotours.com/pacto-choco-andino-guide/,https://chocoandinotours.com/es/guia-pacto-choco-andino/,https://chocoandinotours.com/pacto-choco-andino-guide/,Pacto y el Chocó Andino,"Pacto, Ecuador | Guía de Viaje del Chocó Andino","Explora Pacto como puerta a paisajes rurales, cacao, cascadas y vida comunitaria en el noroccidente del Chocó Andino.",Pacto y el Chocó Andino,guía de Pacto Ecuador,Pacto Ecuador travel guide,Chocó Andino Ecuador | noroccidente de Quito | experiencia guiada local,informational_commercial,independent_travelers_couples_families_small_groups,middle,Responder la pregunta principal sobre Pacto y el Chocó Andino y llevar al visitante a la siguiente decisión correcta.,"Solicitud calificada, conversación por WhatsApp o derivación intencional al sitio hermano",TBD_CAT_PRODUCT_MAP,route_and_providers_need_confirmation,Explorar Pacto,Planificar una ruta regional,/es/experiencias/cacao-y-chocolate-choco-andino/ | /es/fincas-y-productores-choco-andino/ | /es/tours/,,Article | FAQPage | WebPage | BreadcrumbList,guide,destination_guide,page_view | scroll_50 | cta_click | internal_link_click | whatsapp_click,Pacto y el Chocó Andino,Reserva de Biósfera del Chocó Andino de Pichincha | Pichincha | Ecuador | Pacto | cacao | rural landscapes,¿Qué debe saber un viajero antes de elegir Pacto y el Chocó Andino?,¿Qué es esta experiencia o lugar? | ¿Para quién es adecuada? | ¿Cuánto tiempo se necesita? | ¿Qué se debe confirmar antes de visitar?,Chocó Andino de Pichincha | noroccidente de Quito | Pichincha | Ecuador,"Imagen auténtica de paisaje, productor, comunidad o cultura con permiso; evitar fotos genéricas y promesas de fauna.",UNESCO agriculture context; Quito Turismo Pacto and cacao evidence,Mantener el enfoque en el Chocó Andino amplio; dirigir actividades puntuales de Mindo y aviturismo especializado a sitios hermanos.,900,1450,yes,0.6,quarterly,index_follow,planned,yes,EN/ES parity | self-canonical | reciprocal hreflang | x-default EN | unique title/meta/H1 | valid schema | mobile QA | CTA/event QA | no price unless confirmed,"Confirm exact attractions, travel times and providers; avoid presenting all area farms as public."
CAT021,21,phase_2,Medium,create,destination_guide,nanegalito,support,en,/nanegalito-choco-andino-guide/,https://chocoandinotours.com/nanegalito-choco-andino-guide/,/es/guia-nanegalito-choco-andino/,https://chocoandinotours.com/es/guia-nanegalito-choco-andino/,https://chocoandinotours.com/nanegalito-choco-andino-guide/,https://chocoandinotours.com/nanegalito-choco-andino-guide/,https://chocoandinotours.com/es/guia-nanegalito-choco-andino/,https://chocoandinotours.com/nanegalito-choco-andino-guide/,Nanegalito and the Chocó Andino,"Nanegalito, Ecuador | Chocó Andino Travel Guide","Use Nanegalito as a practical Chocó Andino gateway for coffee, cloud forest routes and travel between Quito and Mindo.",Nanegalito and the Chocó Andino,Nanegalito Ecuador travel guide,guía de Nanegalito Ecuador,Chocó Andino Ecuador | northwest Quito | local guided experience,informational_commercial,independent_travelers_couples_families_small_groups,middle,Answer the core planning question for Nanegalito and the Chocó Andino and move the visitor to the correct next decision.,"Qualified tour request, WhatsApp conversation or intentional sister-site handoff",TBD_CAT_PRODUCT_MAP,route_and_providers_need_confirmation,Explore Nanegalito,Plan a stop,/experiences/coffee-farms-choco-andino/ | /quito-to-choco-andino-transport/ | /tours/,,Article | FAQPage | WebPage | BreadcrumbList,guide,destination_guide,page_view | scroll_50 | cta_click | internal_link_click | whatsapp_click,Nanegalito and the Chocó Andino,Chocó Andino de Pichincha Biosphere Reserve | Pichincha | Ecuador | Nanegalito | coffee | Quito-Mindo corridor,What should a traveler know before choosing Nanegalito and the Chocó Andino?,What is this experience or place? | Who is it best for? | How long should I allow? | What must be confirmed before visiting?,Chocó Andino de Pichincha | northwest Quito | Pichincha | Ecuador,"Authentic regional landscape, producer, community or cultural image with permission; avoid generic stock and wildlife promises.",Quito Turismo coffee-farm evidence; regional route context,Keep the page centered on the wider Chocó Andino; link narrow Mindo activity and specialist birding intent to sister sites.,900,1450,yes,0.6,quarterly,index_follow,planned,yes,EN/ES parity | self-canonical | reciprocal hreflang | x-default EN | unique title/meta/H1 | valid schema | mobile QA | CTA/event QA | no price unless confirmed,Verify stops and producer permissions before naming them.
CAT021,21,phase_2,Medium,create,destination_guide,nanegalito,support,es,/es/guia-nanegalito-choco-andino/,https://chocoandinotours.com/es/guia-nanegalito-choco-andino/,/nanegalito-choco-andino-guide/,https://chocoandinotours.com/nanegalito-choco-andino-guide/,https://chocoandinotours.com/es/guia-nanegalito-choco-andino/,https://chocoandinotours.com/nanegalito-choco-andino-guide/,https://chocoandinotours.com/es/guia-nanegalito-choco-andino/,https://chocoandinotours.com/nanegalito-choco-andino-guide/,Nanegalito y el Chocó Andino,"Nanegalito, Ecuador | Guía del Chocó Andino","Usa Nanegalito como puerta práctica al Chocó Andino para café, rutas de bosque nublado y viajes entre Quito y Mindo.",Nanegalito y el Chocó Andino,guía de Nanegalito Ecuador,Nanegalito Ecuador travel guide,Chocó Andino Ecuador | noroccidente de Quito | experiencia guiada local,informational_commercial,independent_travelers_couples_families_small_groups,middle,Responder la pregunta principal sobre Nanegalito y el Chocó Andino y llevar al visitante a la siguiente decisión correcta.,"Solicitud calificada, conversación por WhatsApp o derivación intencional al sitio hermano",TBD_CAT_PRODUCT_MAP,route_and_providers_need_confirmation,Explorar Nanegalito,Planificar una parada,/es/experiencias/fincas-de-cafe-choco-andino/ | /es/transporte-quito-choco-andino/ | /es/tours/,,Article | FAQPage | WebPage | BreadcrumbList,guide,destination_guide,page_view | scroll_50 | cta_click | internal_link_click | whatsapp_click,Nanegalito y el Chocó Andino,Reserva de Biósfera del Chocó Andino de Pichincha | Pichincha | Ecuador | Nanegalito | coffee | Quito-Mindo corridor,¿Qué debe saber un viajero antes de elegir Nanegalito y el Chocó Andino?,¿Qué es esta experiencia o lugar? | ¿Para quién es adecuada? | ¿Cuánto tiempo se necesita? | ¿Qué se debe confirmar antes de visitar?,Chocó Andino de Pichincha | noroccidente de Quito | Pichincha | Ecuador,"Imagen auténtica de paisaje, productor, comunidad o cultura con permiso; evitar fotos genéricas y promesas de fauna.",Quito Turismo coffee-farm evidence; regional route context,Mantener el enfoque en el Chocó Andino amplio; dirigir actividades puntuales de Mindo y aviturismo especializado a sitios hermanos.,900,1450,yes,0.6,quarterly,index_follow,planned,yes,EN/ES parity | self-canonical | reciprocal hreflang | x-default EN | unique title/meta/H1 | valid schema | mobile QA | CTA/event QA | no price unless confirmed,Verify stops and producer permissions before naming them.
CAT022,22,phase_2,Medium,create,destination_guide,mashpi_pachijal,support,en,/mashpi-pachijal-choco-andino/,https://chocoandinotours.com/mashpi-pachijal-choco-andino/,/es/mashpi-pachijal-choco-andino/,https://chocoandinotours.com/es/mashpi-pachijal-choco-andino/,https://chocoandinotours.com/mashpi-pachijal-choco-andino/,https://chocoandinotours.com/mashpi-pachijal-choco-andino/,https://chocoandinotours.com/es/mashpi-pachijal-choco-andino/,https://chocoandinotours.com/mashpi-pachijal-choco-andino/,Mashpi and Pachijal in the Chocó Andino,Mashpi and Pachijal | Chocó Andino Visitor Guide,"Understand the Mashpi and Pachijal area, its lower-elevation forests, cacao context and the access questions to confirm before visiting.",Mashpi and Pachijal in the Chocó Andino,Mashpi Pachijal travel guide,guía Mashpi Pachijal,Chocó Andino Ecuador | northwest Quito | local guided experience,informational,independent_travelers_couples_families_small_groups,top_middle,Answer the core planning question for Mashpi and Pachijal in the Chocó Andino and move the visitor to the correct next decision.,"Qualified tour request, WhatsApp conversation or intentional sister-site handoff",TBD_CAT_PRODUCT_MAP,access_and_partnerships_require_confirmation,Explore the area,Ask about access,/choco-andino-biosphere-reserve/ | /responsible-travel-choco-andino/ | /tours/,,Article | FAQPage | WebPage | BreadcrumbList,guide,destination_guide,page_view | scroll_50 | cta_click | internal_link_click | whatsapp_click,Mashpi and Pachijal in the Chocó Andino,Chocó Andino de Pichincha Biosphere Reserve | Pichincha | Ecuador | Mashpi | Pachijal | cacao | humid forest,What should a traveler know before choosing Mashpi and Pachijal in the Chocó Andino?,What is this experience or place? | Who is it best for? | How long should I allow? | What must be confirmed before visiting?,Chocó Andino de Pichincha | northwest Quito | Pichincha | Ecuador,"Authentic regional landscape, producer, community or cultural image with permission; avoid generic stock and wildlife promises.",Quito Turismo cacao and conservation-area evidence; MBW GSC Mashpi demand,Keep the page centered on the wider Chocó Andino; link narrow Mindo activity and specialist birding intent to sister sites.,900,1450,yes,0.6,quarterly,index_follow,planned,yes,EN/ES parity | self-canonical | reciprocal hreflang | x-default EN | unique title/meta/H1 | valid schema | mobile QA | CTA/event QA | no price unless confirmed,"Avoid confusing public routes, private reserves and lodges; verify every access claim."
CAT022,22,phase_2,Medium,create,destination_guide,mashpi_pachijal,support,es,/es/mashpi-pachijal-choco-andino/,https://chocoandinotours.com/es/mashpi-pachijal-choco-andino/,/mashpi-pachijal-choco-andino/,https://chocoandinotours.com/mashpi-pachijal-choco-andino/,https://chocoandinotours.com/es/mashpi-pachijal-choco-andino/,https://chocoandinotours.com/mashpi-pachijal-choco-andino/,https://chocoandinotours.com/es/mashpi-pachijal-choco-andino/,https://chocoandinotours.com/mashpi-pachijal-choco-andino/,Mashpi y Pachijal en el Chocó Andino,Mashpi y Pachijal | Guía del Chocó Andino,"Conoce la zona de Mashpi y Pachijal, sus bosques de menor elevación, contexto cacaotero y preguntas de acceso que debes confirmar.",Mashpi y Pachijal en el Chocó Andino,guía Mashpi Pachijal,Mashpi Pachijal travel guide,Chocó Andino Ecuador | noroccidente de Quito | experiencia guiada local,informational,independent_travelers_couples_families_small_groups,top_middle,Responder la pregunta principal sobre Mashpi y Pachijal en el Chocó Andino y llevar al visitante a la siguiente decisión correcta.,"Solicitud calificada, conversación por WhatsApp o derivación intencional al sitio hermano",TBD_CAT_PRODUCT_MAP,access_and_partnerships_require_confirmation,Explorar la zona,Consultar acceso,/es/reserva-de-biosfera-choco-andino/ | /es/viaje-responsable-choco-andino/ | /es/tours/,,Article | FAQPage | WebPage | BreadcrumbList,guide,destination_guide,page_view | scroll_50 | cta_click | internal_link_click | whatsapp_click,Mashpi y Pachijal en el Chocó Andino,Reserva de Biósfera del Chocó Andino de Pichincha | Pichincha | Ecuador | Mashpi | Pachijal | cacao | humid forest,¿Qué debe saber un viajero antes de elegir Mashpi y Pachijal en el Chocó Andino?,¿Qué es esta experiencia o lugar? | ¿Para quién es adecuada? | ¿Cuánto tiempo se necesita? | ¿Qué se debe confirmar antes de visitar?,Chocó Andino de Pichincha | noroccidente de Quito | Pichincha | Ecuador,"Imagen auténtica de paisaje, productor, comunidad o cultura con permiso; evitar fotos genéricas y promesas de fauna.",Quito Turismo cacao and conservation-area evidence; MBW GSC Mashpi demand,Mantener el enfoque en el Chocó Andino amplio; dirigir actividades puntuales de Mindo y aviturismo especializado a sitios hermanos.,900,1450,yes,0.6,quarterly,index_follow,planned,yes,EN/ES parity | self-canonical | reciprocal hreflang | x-default EN | unique title/meta/H1 | valid schema | mobile QA | CTA/event QA | no price unless confirmed,"Avoid confusing public routes, private reserves and lodges; verify every access claim."
CAT023,23,phase_1,High,create,destination_guide,mindo_gateway,support,en,/mindo-and-choco-andino/,https://chocoandinotours.com/mindo-and-choco-andino/,/es/mindo-y-choco-andino/,https://chocoandinotours.com/es/mindo-y-choco-andino/,https://chocoandinotours.com/mindo-and-choco-andino/,https://chocoandinotours.com/mindo-and-choco-andino/,https://chocoandinotours.com/es/mindo-y-choco-andino/,https://chocoandinotours.com/mindo-and-choco-andino/,Mindo and the Chocó Andino,Mindo and the Chocó Andino | Regional Travel Guide,"See how Mindo fits within the wider Chocó Andino and decide when to stay local, travel deeper into the region or combine both.",Mindo and the Chocó Andino,Mindo Chocó Andino,Mindo Chocó Andino,Chocó Andino Ecuador | northwest Quito | local guided experience,informational_commercial,independent_travelers_couples_families_small_groups,middle,Answer the core planning question for Mindo and the Chocó Andino and move the visitor to the correct next decision.,"Qualified tour request, WhatsApp conversation or intentional sister-site handoff",TBD_CAT_PRODUCT_MAP,not_applicable,Plan the wider region,Compare Mindo activities,/things-to-do-in-choco-andino/ | /choco-andino-travel-guide/ | /mindo-adventure-and-activities/,https://mindotours.com/ | https://mindobirdwatching.com/,Article | FAQPage | WebPage | BreadcrumbList,guide,destination_guide,page_view | scroll_50 | cta_click | internal_link_click | whatsapp_click,Mindo and the Chocó Andino,Chocó Andino de Pichincha Biosphere Reserve | Pichincha | Ecuador | Mindo | cloud forest,What should a traveler know before choosing Mindo and the Chocó Andino?,What is this experience or place? | Who is it best for? | How long should I allow? | What must be confirmed before visiting?,Chocó Andino de Pichincha | northwest Quito | Pichincha | Ecuador,"Authentic regional landscape, producer, community or cultural image with permission; avoid generic stock and wildlife promises.",UNESCO regional context; sister-site content and GSC demand,Keep the page centered on the wider Chocó Andino; link narrow Mindo activity and specialist birding intent to sister sites.,900,1450,yes,0.8,quarterly,index_follow,planned,yes,EN/ES parity | self-canonical | reciprocal hreflang | x-default EN | unique title/meta/H1 | valid schema | mobile QA | CTA/event QA | no price unless confirmed,This is the boundary page: route generic Mindo activities to MindoTours and specialist birds to MBW.
CAT023,23,phase_1,High,create,destination_guide,mindo_gateway,support,es,/es/mindo-y-choco-andino/,https://chocoandinotours.com/es/mindo-y-choco-andino/,/mindo-and-choco-andino/,https://chocoandinotours.com/mindo-and-choco-andino/,https://chocoandinotours.com/es/mindo-y-choco-andino/,https://chocoandinotours.com/mindo-and-choco-andino/,https://chocoandinotours.com/es/mindo-y-choco-andino/,https://chocoandinotours.com/mindo-and-choco-andino/,Mindo y el Chocó Andino,Mindo y el Chocó Andino | Guía Regional,"Conoce cómo Mindo se integra al Chocó Andino y decide cuándo quedarte cerca, recorrer la región o combinar ambas opciones.",Mindo y el Chocó Andino,Mindo Chocó Andino,Mindo Chocó Andino,Chocó Andino Ecuador | noroccidente de Quito | experiencia guiada local,informational_commercial,independent_travelers_couples_families_small_groups,middle,Responder la pregunta principal sobre Mindo y el Chocó Andino y llevar al visitante a la siguiente decisión correcta.,"Solicitud calificada, conversación por WhatsApp o derivación intencional al sitio hermano",TBD_CAT_PRODUCT_MAP,not_applicable,Planificar la región,Comparar actividades en Mindo,/es/que-hacer-en-el-choco-andino/ | /es/guia-de-viaje-choco-andino/ | /es/aventura-y-actividades-en-mindo/,https://mindotours.com/ | https://mindobirdwatching.com/,Article | FAQPage | WebPage | BreadcrumbList,guide,destination_guide,page_view | scroll_50 | cta_click | internal_link_click | whatsapp_click,Mindo y el Chocó Andino,Reserva de Biósfera del Chocó Andino de Pichincha | Pichincha | Ecuador | Mindo | cloud forest,¿Qué debe saber un viajero antes de elegir Mindo y el Chocó Andino?,¿Qué es esta experiencia o lugar? | ¿Para quién es adecuada? | ¿Cuánto tiempo se necesita? | ¿Qué se debe confirmar antes de visitar?,Chocó Andino de Pichincha | noroccidente de Quito | Pichincha | Ecuador,"Imagen auténtica de paisaje, productor, comunidad o cultura con permiso; evitar fotos genéricas y promesas de fauna.",UNESCO regional context; sister-site content and GSC demand,Mantener el enfoque en el Chocó Andino amplio; dirigir actividades puntuales de Mindo y aviturismo especializado a sitios hermanos.,900,1450,yes,0.8,quarterly,index_follow,planned,yes,EN/ES parity | self-canonical | reciprocal hreflang | x-default EN | unique title/meta/H1 | valid schema | mobile QA | CTA/event QA | no price unless confirmed,This is the boundary page: route generic Mindo activities to MindoTours and specialist birds to MBW.
CAT024,24,phase_2,Medium,create,nature_guide,cloud_forest_waterfalls,support,en,/cloud-forest-waterfalls-choco-andino/,https://chocoandinotours.com/cloud-forest-waterfalls-choco-andino/,/es/bosque-nublado-y-cascadas-choco-andino/,https://chocoandinotours.com/es/bosque-nublado-y-cascadas-choco-andino/,https://chocoandinotours.com/cloud-forest-waterfalls-choco-andino/,https://chocoandinotours.com/cloud-forest-waterfalls-choco-andino/,https://chocoandinotours.com/es/bosque-nublado-y-cascadas-choco-andino/,https://chocoandinotours.com/cloud-forest-waterfalls-choco-andino/,Cloud Forest and Waterfalls of the Chocó Andino,Chocó Andino Cloud Forest and Waterfalls | Guide,"Compare cloud forest landscapes and waterfall areas across the Chocó Andino, then confirm current access, weather and route conditions.",Cloud Forest and Waterfalls of the Chocó Andino,Chocó Andino cloud forest waterfalls,bosque nublado y cascadas Chocó Andino,Chocó Andino Ecuador | northwest Quito | local guided experience,informational_commercial,independent_travelers_couples_families_small_groups,middle,Answer the core planning question for Cloud Forest and Waterfalls of the Chocó Andino and move the visitor to the correct next decision.,"Qualified tour request, WhatsApp conversation or intentional sister-site handoff",TBD_CAT_PRODUCT_MAP,routes_require_confirmation,Explore nature routes,Compare Mindo waterfalls,/choco-andino-biosphere-reserve/ | /mindo-and-choco-andino/ | /tours/,https://mindotours.com/ | https://mindobirdwatching.com/,Article | FAQPage | WebPage | BreadcrumbList,guide,nature_guide,page_view | scroll_50 | cta_click | internal_link_click | whatsapp_click,Cloud Forest and Waterfalls of the Chocó Andino,Chocó Andino de Pichincha Biosphere Reserve | Pichincha | Ecuador,What should a traveler know before choosing Cloud Forest and Waterfalls of the Chocó Andino?,What is this experience or place? | Who is it best for? | How long should I allow? | What must be confirmed before visiting?,Chocó Andino de Pichincha | northwest Quito | Pichincha | Ecuador,"Authentic regional landscape, producer, community or cultural image with permission; avoid generic stock and wildlife promises.",Quito Turismo ecotourism evidence; MBW GSC waterfall and cloud-forest demand,Keep the page centered on the wider Chocó Andino; link narrow Mindo activity and specialist birding intent to sister sites.,900,1450,yes,0.6,quarterly,index_follow,planned,yes,EN/ES parity | self-canonical | reciprocal hreflang | x-default EN | unique title/meta/H1 | valid schema | mobile QA | CTA/event QA | no price unless confirmed,Keep Mindo waterfall transaction intent on MindoTours; this page owns regional landscape context.
CAT024,24,phase_2,Medium,create,nature_guide,cloud_forest_waterfalls,support,es,/es/bosque-nublado-y-cascadas-choco-andino/,https://chocoandinotours.com/es/bosque-nublado-y-cascadas-choco-andino/,/cloud-forest-waterfalls-choco-andino/,https://chocoandinotours.com/cloud-forest-waterfalls-choco-andino/,https://chocoandinotours.com/es/bosque-nublado-y-cascadas-choco-andino/,https://chocoandinotours.com/cloud-forest-waterfalls-choco-andino/,https://chocoandinotours.com/es/bosque-nublado-y-cascadas-choco-andino/,https://chocoandinotours.com/cloud-forest-waterfalls-choco-andino/,Bosque Nublado y Cascadas del Chocó Andino,Bosque Nublado y Cascadas del Chocó Andino | Guía,"Compara paisajes de bosque nublado y zonas de cascadas, y confirma acceso, clima y condiciones de ruta antes de viajar.",Bosque Nublado y Cascadas del Chocó Andino,bosque nublado y cascadas Chocó Andino,Chocó Andino cloud forest waterfalls,Chocó Andino Ecuador | noroccidente de Quito | experiencia guiada local,informational_commercial,independent_travelers_couples_families_small_groups,middle,Responder la pregunta principal sobre Bosque Nublado y Cascadas del Chocó Andino y llevar al visitante a la siguiente decisión correcta.,"Solicitud calificada, conversación por WhatsApp o derivación intencional al sitio hermano",TBD_CAT_PRODUCT_MAP,routes_require_confirmation,Explorar rutas de naturaleza,Comparar cascadas de Mindo,/es/reserva-de-biosfera-choco-andino/ | /es/mindo-y-choco-andino/ | /es/tours/,https://mindotours.com/ | https://mindobirdwatching.com/,Article | FAQPage | WebPage | BreadcrumbList,guide,nature_guide,page_view | scroll_50 | cta_click | internal_link_click | whatsapp_click,Bosque Nublado y Cascadas del Chocó Andino,Reserva de Biósfera del Chocó Andino de Pichincha | Pichincha | Ecuador,¿Qué debe saber un viajero antes de elegir Bosque Nublado y Cascadas del Chocó Andino?,¿Qué es esta experiencia o lugar? | ¿Para quién es adecuada? | ¿Cuánto tiempo se necesita? | ¿Qué se debe confirmar antes de visitar?,Chocó Andino de Pichincha | noroccidente de Quito | Pichincha | Ecuador,"Imagen auténtica de paisaje, productor, comunidad o cultura con permiso; evitar fotos genéricas y promesas de fauna.",Quito Turismo ecotourism evidence; MBW GSC waterfall and cloud-forest demand,Mantener el enfoque en el Chocó Andino amplio; dirigir actividades puntuales de Mindo y aviturismo especializado a sitios hermanos.,900,1450,yes,0.6,quarterly,index_follow,planned,yes,EN/ES parity | self-canonical | reciprocal hreflang | x-default EN | unique title/meta/H1 | valid schema | mobile QA | CTA/event QA | no price unless confirmed,Keep Mindo waterfall transaction intent on MindoTours; this page owns regional landscape context.
CAT025,25,phase_2,Medium,create,experience_hub,local_producers,support,en,/local-farms-and-producers-choco-andino/,https://chocoandinotours.com/local-farms-and-producers-choco-andino/,/es/fincas-y-productores-choco-andino/,https://chocoandinotours.com/es/fincas-y-productores-choco-andino/,https://chocoandinotours.com/local-farms-and-producers-choco-andino/,https://chocoandinotours.com/local-farms-and-producers-choco-andino/,https://chocoandinotours.com/es/fincas-y-productores-choco-andino/,https://chocoandinotours.com/local-farms-and-producers-choco-andino/,Local Farms and Producers in the Chocó Andino,Local Farms and Producers in the Chocó Andino,"Discover how cacao, coffee, fruit, sugarcane and other rural production shape the Chocó Andino, with visits offered only by confirmed partners.",Local Farms and Producers in the Chocó Andino,Chocó Andino farms and producers,fincas y productores Chocó Andino,Chocó Andino Ecuador | northwest Quito | local guided experience,informational_commercial,culture_food_travelers,middle,Answer the core planning question for Local Farms and Producers in the Chocó Andino and move the visitor to the correct next decision.,"Qualified tour request, WhatsApp conversation or intentional sister-site handoff",TBD_CAT_PRODUCT_MAP,provider_directory_requires_confirmation,Explore producer visits,Ask what can be visited,/experiences/cacao-chocolate-choco-andino/ | /experiences/coffee-farms-choco-andino/ | /responsible-travel-choco-andino/,,CollectionPage | ItemList | WebPage | BreadcrumbList,guide,experience_hub,page_view | scroll_50 | cta_click | internal_link_click | whatsapp_click,Local Farms and Producers in the Chocó Andino,Chocó Andino de Pichincha Biosphere Reserve | Pichincha | Ecuador,What should a traveler know before choosing Local Farms and Producers in the Chocó Andino?,What is this experience or place? | Who is it best for? | How long should I allow? | What must be confirmed before visiting?,Chocó Andino de Pichincha | northwest Quito | Pichincha | Ecuador,"Authentic regional landscape, producer, community or cultural image with permission; avoid generic stock and wildlife promises.",UNESCO agriculture profile; Quito Turismo producer evidence,Keep the page centered on the wider Chocó Andino; link narrow Mindo activity and specialist birding intent to sister sites.,1100,1700,yes,0.6,quarterly,index_follow,planned,yes,EN/ES parity | self-canonical | reciprocal hreflang | x-default EN | unique title/meta/H1 | valid schema | mobile QA | CTA/event QA | no price unless confirmed,Build as a curated—not open—directory; require permission and current visitor status.
CAT025,25,phase_2,Medium,create,experience_hub,local_producers,support,es,/es/fincas-y-productores-choco-andino/,https://chocoandinotours.com/es/fincas-y-productores-choco-andino/,/local-farms-and-producers-choco-andino/,https://chocoandinotours.com/local-farms-and-producers-choco-andino/,https://chocoandinotours.com/es/fincas-y-productores-choco-andino/,https://chocoandinotours.com/local-farms-and-producers-choco-andino/,https://chocoandinotours.com/es/fincas-y-productores-choco-andino/,https://chocoandinotours.com/local-farms-and-producers-choco-andino/,Fincas y Productores del Chocó Andino,Fincas y Productores del Chocó Andino,"Descubre cómo cacao, café, frutas, caña y otras actividades rurales forman el Chocó Andino, con visitas solo de aliados confirmados.",Fincas y Productores del Chocó Andino,fincas y productores Chocó Andino,Chocó Andino farms and producers,Chocó Andino Ecuador | noroccidente de Quito | experiencia guiada local,informational_commercial,culture_food_travelers,middle,Responder la pregunta principal sobre Fincas y Productores del Chocó Andino y llevar al visitante a la siguiente decisión correcta.,"Solicitud calificada, conversación por WhatsApp o derivación intencional al sitio hermano",TBD_CAT_PRODUCT_MAP,provider_directory_requires_confirmation,Explorar visitas a productores,Consultar qué se puede visitar,/es/experiencias/cacao-y-chocolate-choco-andino/ | /es/experiencias/fincas-de-cafe-choco-andino/ | /es/viaje-responsable-choco-andino/,,CollectionPage | ItemList | WebPage | BreadcrumbList,guide,experience_hub,page_view | scroll_50 | cta_click | internal_link_click | whatsapp_click,Fincas y Productores del Chocó Andino,Reserva de Biósfera del Chocó Andino de Pichincha | Pichincha | Ecuador,¿Qué debe saber un viajero antes de elegir Fincas y Productores del Chocó Andino?,¿Qué es esta experiencia o lugar? | ¿Para quién es adecuada? | ¿Cuánto tiempo se necesita? | ¿Qué se debe confirmar antes de visitar?,Chocó Andino de Pichincha | noroccidente de Quito | Pichincha | Ecuador,"Imagen auténtica de paisaje, productor, comunidad o cultura con permiso; evitar fotos genéricas y promesas de fauna.",UNESCO agriculture profile; Quito Turismo producer evidence,Mantener el enfoque en el Chocó Andino amplio; dirigir actividades puntuales de Mindo y aviturismo especializado a sitios hermanos.,1100,1700,yes,0.6,quarterly,index_follow,planned,yes,EN/ES parity | self-canonical | reciprocal hreflang | x-default EN | unique title/meta/H1 | valid schema | mobile QA | CTA/event QA | no price unless confirmed,Build as a curated—not open—directory; require permission and current visitor status.
CAT026,26,phase_1,High,create,transport_page,transport,commercial,en,/quito-to-choco-andino-transport/,https://chocoandinotours.com/quito-to-choco-andino-transport/,/es/transporte-quito-choco-andino/,https://chocoandinotours.com/es/transporte-quito-choco-andino/,https://chocoandinotours.com/quito-to-choco-andino-transport/,https://chocoandinotours.com/quito-to-choco-andino-transport/,https://chocoandinotours.com/es/transporte-quito-choco-andino/,https://chocoandinotours.com/quito-to-choco-andino-transport/,Quito to the Chocó Andino Transport,Quito to the Chocó Andino | Transport and Route Planning,"Plan private transport or a guided route from Quito into the Chocó Andino, with timing based on the exact community and road conditions.",Quito to the Chocó Andino Transport,Quito to Chocó Andino transport,transporte Quito Chocó Andino,Quito private transfer | Chocó Andino day trip,transactional,independent_travelers_couples_families_small_groups,bottom,Answer the core planning question for Quito to the Chocó Andino Transport and move the visitor to the correct next decision.,"Qualified tour request, WhatsApp conversation or intentional sister-site handoff",TBD_CAT_PRODUCT_MAP,service_scope_needs_confirmation,Request transport,Plan a day trip,/choco-andino-day-trip-from-quito/ | /choco-andino-travel-guide/ | /book-tour/,,Service | FAQPage | WebPage | BreadcrumbList,guide,transport_page,page_view | scroll_50 | cta_click | internal_link_click | whatsapp_click,Quito to the Chocó Andino Transport,Chocó Andino de Pichincha Biosphere Reserve | Pichincha | Ecuador,What should a traveler know before choosing Quito to the Chocó Andino Transport?,What is this experience or place? | Who is it best for? | How long should I allow? | What must be confirmed before visiting?,Chocó Andino de Pichincha | northwest Quito | Pichincha | Ecuador,"Authentic regional landscape, producer, community or cultural image with permission; avoid generic stock and wildlife promises.",Sister-site transport workflow; regional geography evidence,Keep the page centered on the wider Chocó Andino; link narrow Mindo activity and specialist birding intent to sister sites.,900,1450,yes,0.8,monthly,index_follow,planned,yes,EN/ES parity | self-canonical | reciprocal hreflang | x-default EN | unique title/meta/H1 | valid schema | mobile QA | CTA/event QA | no price unless confirmed,No blanket travel-time claim; the biosphere spans a large elevation and road range.
CAT026,26,phase_1,High,create,transport_page,transport,commercial,es,/es/transporte-quito-choco-andino/,https://chocoandinotours.com/es/transporte-quito-choco-andino/,/quito-to-choco-andino-transport/,https://chocoandinotours.com/quito-to-choco-andino-transport/,https://chocoandinotours.com/es/transporte-quito-choco-andino/,https://chocoandinotours.com/quito-to-choco-andino-transport/,https://chocoandinotours.com/es/transporte-quito-choco-andino/,https://chocoandinotours.com/quito-to-choco-andino-transport/,Transporte de Quito al Chocó Andino,De Quito al Chocó Andino | Transporte y Ruta,"Planifica transporte privado o una ruta guiada desde Quito, con tiempos según la comunidad exacta y las condiciones viales.",Transporte de Quito al Chocó Andino,transporte Quito Chocó Andino,Quito to Chocó Andino transport,transporte privado Quito | excursión Chocó Andino,transactional,independent_travelers_couples_families_small_groups,bottom,Responder la pregunta principal sobre Transporte de Quito al Chocó Andino y llevar al visitante a la siguiente decisión correcta.,"Solicitud calificada, conversación por WhatsApp o derivación intencional al sitio hermano",TBD_CAT_PRODUCT_MAP,service_scope_needs_confirmation,Solicitar transporte,Planificar una excursión,/es/excursion-choco-andino-desde-quito/ | /es/guia-de-viaje-choco-andino/ | /es/reservar-tour/,,Service | FAQPage | WebPage | BreadcrumbList,guide,transport_page,page_view | scroll_50 | cta_click | internal_link_click | whatsapp_click,Transporte de Quito al Chocó Andino,Reserva de Biósfera del Chocó Andino de Pichincha | Pichincha | Ecuador,¿Qué debe saber un viajero antes de elegir Transporte de Quito al Chocó Andino?,¿Qué es esta experiencia o lugar? | ¿Para quién es adecuada? | ¿Cuánto tiempo se necesita? | ¿Qué se debe confirmar antes de visitar?,Chocó Andino de Pichincha | noroccidente de Quito | Pichincha | Ecuador,"Imagen auténtica de paisaje, productor, comunidad o cultura con permiso; evitar fotos genéricas y promesas de fauna.",Sister-site transport workflow; regional geography evidence,Mantener el enfoque en el Chocó Andino amplio; dirigir actividades puntuales de Mindo y aviturismo especializado a sitios hermanos.,900,1450,yes,0.8,monthly,index_follow,planned,yes,EN/ES parity | self-canonical | reciprocal hreflang | x-default EN | unique title/meta/H1 | valid schema | mobile QA | CTA/event QA | no price unless confirmed,No blanket travel-time claim; the biosphere spans a large elevation and road range.
CAT027,27,phase_2,Medium,create,itinerary,travel_planning,support,en,/choco-andino-itinerary-one-day/,https://chocoandinotours.com/choco-andino-itinerary-one-day/,/es/itinerario-choco-andino-un-dia/,https://chocoandinotours.com/es/itinerario-choco-andino-un-dia/,https://chocoandinotours.com/choco-andino-itinerary-one-day/,https://chocoandinotours.com/choco-andino-itinerary-one-day/,https://chocoandinotours.com/es/itinerario-choco-andino-un-dia/,https://chocoandinotours.com/choco-andino-itinerary-one-day/,One-Day Chocó Andino Itinerary,One Day in the Chocó Andino | Practical Itinerary,"Build a realistic one-day Chocó Andino route from Quito around one geographic area, with culture, producers or nature—not every stop at once.",One-Day Chocó Andino Itinerary,one day Chocó Andino itinerary,itinerario Chocó Andino un día,Chocó Andino from Quito | northwest Quito travel,informational_commercial,independent_travelers_couples_families_small_groups,middle_bottom,Answer the core planning question for One-Day Chocó Andino Itinerary and move the visitor to the correct next decision.,"Qualified tour request, WhatsApp conversation or intentional sister-site handoff",TBD_CAT_PRODUCT_MAP,custom_route_needs_confirmation,Plan a one-day route,Request a custom day,/choco-andino-biosphere-reserve/ | /things-to-do-in-choco-andino/ | /quito-to-choco-andino-transport/ | /book-tour/,,Article | FAQPage | WebPage | BreadcrumbList,guide,itinerary,page_view | scroll_50 | cta_click | internal_link_click | whatsapp_click,One-Day Chocó Andino Itinerary,Chocó Andino de Pichincha Biosphere Reserve | Pichincha | Ecuador,What should a traveler know before choosing One-Day Chocó Andino Itinerary?,What is this experience or place? | Who is it best for? | How long should I allow? | What must be confirmed before visiting?,Chocó Andino de Pichincha | northwest Quito | Pichincha | Ecuador,"Authentic regional landscape, producer, community or cultural image with permission; avoid generic stock and wildlife promises.",Regional geography; MindoTours itinerary structure,Keep the page centered on the wider Chocó Andino; link narrow Mindo activity and specialist birding intent to sister sites.,900,1450,yes,0.6,quarterly,index_follow,planned,yes,EN/ES parity | self-canonical | reciprocal hreflang | x-default EN | unique title/meta/H1 | valid schema | mobile QA | CTA/event QA | no price unless confirmed,"Present route archetypes, not fixed guaranteed schedules."
CAT027,27,phase_2,Medium,create,itinerary,travel_planning,support,es,/es/itinerario-choco-andino-un-dia/,https://chocoandinotours.com/es/itinerario-choco-andino-un-dia/,/choco-andino-itinerary-one-day/,https://chocoandinotours.com/choco-andino-itinerary-one-day/,https://chocoandinotours.com/es/itinerario-choco-andino-un-dia/,https://chocoandinotours.com/choco-andino-itinerary-one-day/,https://chocoandinotours.com/es/itinerario-choco-andino-un-dia/,https://chocoandinotours.com/choco-andino-itinerary-one-day/,Itinerario de Un Día en el Chocó Andino,Un Día en el Chocó Andino | Itinerario Práctico,"Arma una ruta realista desde Quito alrededor de una sola zona, con cultura, productores o naturaleza, sin intentar incluirlo todo.",Itinerario de Un Día en el Chocó Andino,itinerario Chocó Andino un día,one day Chocó Andino itinerary,Chocó Andino desde Quito | turismo noroccidente de Quito,informational_commercial,independent_travelers_couples_families_small_groups,middle_bottom,Responder la pregunta principal sobre Itinerario de Un Día en el Chocó Andino y llevar al visitante a la siguiente decisión correcta.,"Solicitud calificada, conversación por WhatsApp o derivación intencional al sitio hermano",TBD_CAT_PRODUCT_MAP,custom_route_needs_confirmation,Planificar una ruta de un día,Solicitar un día a medida,/es/reserva-de-biosfera-choco-andino/ | /es/que-hacer-en-el-choco-andino/ | /es/transporte-quito-choco-andino/ | /es/reservar-tour/,,Article | FAQPage | WebPage | BreadcrumbList,guide,itinerary,page_view | scroll_50 | cta_click | internal_link_click | whatsapp_click,Itinerario de Un Día en el Chocó Andino,Reserva de Biósfera del Chocó Andino de Pichincha | Pichincha | Ecuador,¿Qué debe saber un viajero antes de elegir Itinerario de Un Día en el Chocó Andino?,¿Qué es esta experiencia o lugar? | ¿Para quién es adecuada? | ¿Cuánto tiempo se necesita? | ¿Qué se debe confirmar antes de visitar?,Chocó Andino de Pichincha | noroccidente de Quito | Pichincha | Ecuador,"Imagen auténtica de paisaje, productor, comunidad o cultura con permiso; evitar fotos genéricas y promesas de fauna.",Regional geography; MindoTours itinerary structure,Mantener el enfoque en el Chocó Andino amplio; dirigir actividades puntuales de Mindo y aviturismo especializado a sitios hermanos.,900,1450,yes,0.6,quarterly,index_follow,planned,yes,EN/ES parity | self-canonical | reciprocal hreflang | x-default EN | unique title/meta/H1 | valid schema | mobile QA | CTA/event QA | no price unless confirmed,"Present route archetypes, not fixed guaranteed schedules."
CAT028,28,phase_2,Medium,create,itinerary,travel_planning,support,en,/choco-andino-itinerary-two-days/,https://chocoandinotours.com/choco-andino-itinerary-two-days/,/es/itinerario-choco-andino-dos-dias/,https://chocoandinotours.com/es/itinerario-choco-andino-dos-dias/,https://chocoandinotours.com/choco-andino-itinerary-two-days/,https://chocoandinotours.com/choco-andino-itinerary-two-days/,https://chocoandinotours.com/es/itinerario-choco-andino-dos-dias/,https://chocoandinotours.com/choco-andino-itinerary-two-days/,Two-Day Chocó Andino Itinerary,Two Days in the Chocó Andino | Practical Itinerary,"Use two days to combine Mindo or Nanegalito with a deeper cultural, cacao, coffee or community route in the Chocó Andino.",Two-Day Chocó Andino Itinerary,two day Chocó Andino itinerary,itinerario Chocó Andino dos días,Chocó Andino from Quito | northwest Quito travel,informational_commercial,independent_travelers_couples_families_small_groups,middle_bottom,Answer the core planning question for Two-Day Chocó Andino Itinerary and move the visitor to the correct next decision.,"Qualified tour request, WhatsApp conversation or intentional sister-site handoff",TBD_CAT_PRODUCT_MAP,custom_route_needs_confirmation,Plan a two-day route,Request a custom itinerary,/choco-andino-biosphere-reserve/ | /things-to-do-in-choco-andino/ | /quito-to-choco-andino-transport/ | /book-tour/,,Article | FAQPage | WebPage | BreadcrumbList,guide,itinerary,page_view | scroll_50 | cta_click | internal_link_click | whatsapp_click,Two-Day Chocó Andino Itinerary,Chocó Andino de Pichincha Biosphere Reserve | Pichincha | Ecuador,What should a traveler know before choosing Two-Day Chocó Andino Itinerary?,What is this experience or place? | Who is it best for? | How long should I allow? | What must be confirmed before visiting?,Chocó Andino de Pichincha | northwest Quito | Pichincha | Ecuador,"Authentic regional landscape, producer, community or cultural image with permission; avoid generic stock and wildlife promises.",Regional geography; MindoTours itinerary structure,Keep the page centered on the wider Chocó Andino; link narrow Mindo activity and specialist birding intent to sister sites.,900,1450,yes,0.6,quarterly,index_follow,planned,yes,EN/ES parity | self-canonical | reciprocal hreflang | x-default EN | unique title/meta/H1 | valid schema | mobile QA | CTA/event QA | no price unless confirmed,Lodging and provider references require current confirmation.
CAT028,28,phase_2,Medium,create,itinerary,travel_planning,support,es,/es/itinerario-choco-andino-dos-dias/,https://chocoandinotours.com/es/itinerario-choco-andino-dos-dias/,/choco-andino-itinerary-two-days/,https://chocoandinotours.com/choco-andino-itinerary-two-days/,https://chocoandinotours.com/es/itinerario-choco-andino-dos-dias/,https://chocoandinotours.com/choco-andino-itinerary-two-days/,https://chocoandinotours.com/es/itinerario-choco-andino-dos-dias/,https://chocoandinotours.com/choco-andino-itinerary-two-days/,Itinerario de Dos Días en el Chocó Andino,Dos Días en el Chocó Andino | Itinerario Práctico,"Usa dos días para combinar Mindo o Nanegalito con una ruta más profunda de cultura, cacao, café o comunidad.",Itinerario de Dos Días en el Chocó Andino,itinerario Chocó Andino dos días,two day Chocó Andino itinerary,Chocó Andino desde Quito | turismo noroccidente de Quito,informational_commercial,independent_travelers_couples_families_small_groups,middle_bottom,Responder la pregunta principal sobre Itinerario de Dos Días en el Chocó Andino y llevar al visitante a la siguiente decisión correcta.,"Solicitud calificada, conversación por WhatsApp o derivación intencional al sitio hermano",TBD_CAT_PRODUCT_MAP,custom_route_needs_confirmation,Planificar una ruta de dos días,Solicitar un itinerario,/es/reserva-de-biosfera-choco-andino/ | /es/que-hacer-en-el-choco-andino/ | /es/transporte-quito-choco-andino/ | /es/reservar-tour/,,Article | FAQPage | WebPage | BreadcrumbList,guide,itinerary,page_view | scroll_50 | cta_click | internal_link_click | whatsapp_click,Itinerario de Dos Días en el Chocó Andino,Reserva de Biósfera del Chocó Andino de Pichincha | Pichincha | Ecuador,¿Qué debe saber un viajero antes de elegir Itinerario de Dos Días en el Chocó Andino?,¿Qué es esta experiencia o lugar? | ¿Para quién es adecuada? | ¿Cuánto tiempo se necesita? | ¿Qué se debe confirmar antes de visitar?,Chocó Andino de Pichincha | noroccidente de Quito | Pichincha | Ecuador,"Imagen auténtica de paisaje, productor, comunidad o cultura con permiso; evitar fotos genéricas y promesas de fauna.",Regional geography; MindoTours itinerary structure,Mantener el enfoque en el Chocó Andino amplio; dirigir actividades puntuales de Mindo y aviturismo especializado a sitios hermanos.,900,1450,yes,0.6,quarterly,index_follow,planned,yes,EN/ES parity | self-canonical | reciprocal hreflang | x-default EN | unique title/meta/H1 | valid schema | mobile QA | CTA/event QA | no price unless confirmed,Lodging and provider references require current confirmation.
CAT029,29,phase_2,Medium,create,travel_guide,seasonality,support,en,/best-time-to-visit-choco-andino/,https://chocoandinotours.com/best-time-to-visit-choco-andino/,/es/mejor-epoca-para-visitar-choco-andino/,https://chocoandinotours.com/es/mejor-epoca-para-visitar-choco-andino/,https://chocoandinotours.com/best-time-to-visit-choco-andino/,https://chocoandinotours.com/best-time-to-visit-choco-andino/,https://chocoandinotours.com/es/mejor-epoca-para-visitar-choco-andino/,https://chocoandinotours.com/best-time-to-visit-choco-andino/,Best Time to Visit the Chocó Andino,Best Time to Visit the Chocó Andino | Weather Guide,"Choose when to visit the Chocó Andino with practical context on rain, elevation, road conditions, farm visits and flexible route planning.",Best Time to Visit the Chocó Andino,best time to visit Chocó Andino,mejor época para visitar Chocó Andino,Chocó Andino Ecuador | northwest Quito | local guided experience,informational,independent_travelers_couples_families_small_groups,top_middle,Answer the core planning question for Best Time to Visit the Chocó Andino and move the visitor to the correct next decision.,"Qualified tour request, WhatsApp conversation or intentional sister-site handoff",TBD_CAT_PRODUCT_MAP,not_applicable,Compare seasonal conditions,Plan your dates,/choco-andino-travel-guide/ | /choco-andino-itinerary-one-day/ | /book-tour/,,Article | FAQPage | WebPage | BreadcrumbList,guide,travel_guide,page_view | scroll_50 | cta_click | internal_link_click | whatsapp_click,Best Time to Visit the Chocó Andino,Chocó Andino de Pichincha Biosphere Reserve | Pichincha | Ecuador,What should a traveler know before choosing Best Time to Visit the Chocó Andino?,What is this experience or place? | Who is it best for? | How long should I allow? | What must be confirmed before visiting?,Chocó Andino de Pichincha | northwest Quito | Pichincha | Ecuador,"Authentic regional landscape, producer, community or cultural image with permission; avoid generic stock and wildlife promises.",UNESCO elevation range; sister-site travel demand,Keep the page centered on the wider Chocó Andino; link narrow Mindo activity and specialist birding intent to sister sites.,900,1450,yes,0.6,quarterly,index_follow,planned,yes,EN/ES parity | self-canonical | reciprocal hreflang | x-default EN | unique title/meta/H1 | valid schema | mobile QA | CTA/event QA | no price unless confirmed,Avoid false dry-season certainty; conditions differ substantially by elevation and locality.
CAT029,29,phase_2,Medium,create,travel_guide,seasonality,support,es,/es/mejor-epoca-para-visitar-choco-andino/,https://chocoandinotours.com/es/mejor-epoca-para-visitar-choco-andino/,/best-time-to-visit-choco-andino/,https://chocoandinotours.com/best-time-to-visit-choco-andino/,https://chocoandinotours.com/es/mejor-epoca-para-visitar-choco-andino/,https://chocoandinotours.com/best-time-to-visit-choco-andino/,https://chocoandinotours.com/es/mejor-epoca-para-visitar-choco-andino/,https://chocoandinotours.com/best-time-to-visit-choco-andino/,Mejor Época para Visitar el Chocó Andino,Mejor Época para Visitar el Chocó Andino | Clima,"Elige cuándo visitar el Chocó Andino con contexto sobre lluvias, elevación, vías, visitas a fincas y planificación flexible.",Mejor Época para Visitar el Chocó Andino,mejor época para visitar Chocó Andino,best time to visit Chocó Andino,Chocó Andino Ecuador | noroccidente de Quito | experiencia guiada local,informational,independent_travelers_couples_families_small_groups,top_middle,Responder la pregunta principal sobre Mejor Época para Visitar el Chocó Andino y llevar al visitante a la siguiente decisión correcta.,"Solicitud calificada, conversación por WhatsApp o derivación intencional al sitio hermano",TBD_CAT_PRODUCT_MAP,not_applicable,Comparar condiciones,Planificar fechas,/es/guia-de-viaje-choco-andino/ | /es/itinerario-choco-andino-un-dia/ | /es/reservar-tour/,,Article | FAQPage | WebPage | BreadcrumbList,guide,travel_guide,page_view | scroll_50 | cta_click | internal_link_click | whatsapp_click,Mejor Época para Visitar el Chocó Andino,Reserva de Biósfera del Chocó Andino de Pichincha | Pichincha | Ecuador,¿Qué debe saber un viajero antes de elegir Mejor Época para Visitar el Chocó Andino?,¿Qué es esta experiencia o lugar? | ¿Para quién es adecuada? | ¿Cuánto tiempo se necesita? | ¿Qué se debe confirmar antes de visitar?,Chocó Andino de Pichincha | noroccidente de Quito | Pichincha | Ecuador,"Imagen auténtica de paisaje, productor, comunidad o cultura con permiso; evitar fotos genéricas y promesas de fauna.",UNESCO elevation range; sister-site travel demand,Mantener el enfoque en el Chocó Andino amplio; dirigir actividades puntuales de Mindo y aviturismo especializado a sitios hermanos.,900,1450,yes,0.6,quarterly,index_follow,planned,yes,EN/ES parity | self-canonical | reciprocal hreflang | x-default EN | unique title/meta/H1 | valid schema | mobile QA | CTA/event QA | no price unless confirmed,Avoid false dry-season certainty; conditions differ substantially by elevation and locality.
CAT030,30,phase_2,Medium,create,audience_guide,family,support,en,/family-tours-choco-andino/,https://chocoandinotours.com/family-tours-choco-andino/,/es/tours-familiares-choco-andino/,https://chocoandinotours.com/es/tours-familiares-choco-andino/,https://chocoandinotours.com/family-tours-choco-andino/,https://chocoandinotours.com/family-tours-choco-andino/,https://chocoandinotours.com/es/tours-familiares-choco-andino/,https://chocoandinotours.com/family-tours-choco-andino/,Family Tours in the Chocó Andino,Family Tours in the Chocó Andino | Ecuador,"Compare adaptable cacao, coffee, community and nature experiences for families, with route length and access matched to the group.",Family Tours in the Chocó Andino,family tours Chocó Andino,tours familiares Chocó Andino,Chocó Andino Ecuador | northwest Quito | local guided experience,commercial,families_with_children,middle_bottom,Answer the core planning question for Family Tours in the Chocó Andino and move the visitor to the correct next decision.,"Qualified tour request, WhatsApp conversation or intentional sister-site handoff",TBD_CAT_PRODUCT_MAP,custom_route_needs_confirmation,Plan a family route,Ask about accessibility,/experiences/ | /private-tours-choco-andino/ | /book-tour/,,Article | FAQPage | WebPage | BreadcrumbList,guide,audience_guide,page_view | scroll_50 | cta_click | internal_link_click | whatsapp_click,Family Tours in the Chocó Andino,Chocó Andino de Pichincha Biosphere Reserve | Pichincha | Ecuador,What should a traveler know before choosing Family Tours in the Chocó Andino?,What is this experience or place? | Who is it best for? | How long should I allow? | What must be confirmed before visiting?,Chocó Andino de Pichincha | northwest Quito | Pichincha | Ecuador,"Authentic regional landscape, producer, community or cultural image with permission; avoid generic stock and wildlife promises.",Sister-site family demand; regional experience evidence,Keep the page centered on the wider Chocó Andino; link narrow Mindo activity and specialist birding intent to sister sites.,900,1450,yes,0.6,quarterly,index_follow,planned,yes,EN/ES parity | self-canonical | reciprocal hreflang | x-default EN | unique title/meta/H1 | valid schema | mobile QA | CTA/event QA | no price unless confirmed,"Confirm age, mobility, restroom, food-allergy and road considerations per itinerary."
CAT030,30,phase_2,Medium,create,audience_guide,family,support,es,/es/tours-familiares-choco-andino/,https://chocoandinotours.com/es/tours-familiares-choco-andino/,/family-tours-choco-andino/,https://chocoandinotours.com/family-tours-choco-andino/,https://chocoandinotours.com/es/tours-familiares-choco-andino/,https://chocoandinotours.com/family-tours-choco-andino/,https://chocoandinotours.com/es/tours-familiares-choco-andino/,https://chocoandinotours.com/family-tours-choco-andino/,Tours Familiares en el Chocó Andino,Tours Familiares en el Chocó Andino | Ecuador,"Compara experiencias adaptables de cacao, café, comunidad y naturaleza, con duración y acceso acordes al grupo familiar.",Tours Familiares en el Chocó Andino,tours familiares Chocó Andino,family tours Chocó Andino,Chocó Andino Ecuador | noroccidente de Quito | experiencia guiada local,commercial,families_with_children,middle_bottom,Responder la pregunta principal sobre Tours Familiares en el Chocó Andino y llevar al visitante a la siguiente decisión correcta.,"Solicitud calificada, conversación por WhatsApp o derivación intencional al sitio hermano",TBD_CAT_PRODUCT_MAP,custom_route_needs_confirmation,Planificar una ruta familiar,Consultar accesibilidad,/es/experiencias/ | /es/tours-privados-choco-andino/ | /es/reservar-tour/,,Article | FAQPage | WebPage | BreadcrumbList,guide,audience_guide,page_view | scroll_50 | cta_click | internal_link_click | whatsapp_click,Tours Familiares en el Chocó Andino,Reserva de Biósfera del Chocó Andino de Pichincha | Pichincha | Ecuador,¿Qué debe saber un viajero antes de elegir Tours Familiares en el Chocó Andino?,¿Qué es esta experiencia o lugar? | ¿Para quién es adecuada? | ¿Cuánto tiempo se necesita? | ¿Qué se debe confirmar antes de visitar?,Chocó Andino de Pichincha | noroccidente de Quito | Pichincha | Ecuador,"Imagen auténtica de paisaje, productor, comunidad o cultura con permiso; evitar fotos genéricas y promesas de fauna.",Sister-site family demand; regional experience evidence,Mantener el enfoque en el Chocó Andino amplio; dirigir actividades puntuales de Mindo y aviturismo especializado a sitios hermanos.,900,1450,yes,0.6,quarterly,index_follow,planned,yes,EN/ES parity | self-canonical | reciprocal hreflang | x-default EN | unique title/meta/H1 | valid schema | mobile QA | CTA/event QA | no price unless confirmed,"Confirm age, mobility, restroom, food-allergy and road considerations per itinerary."
CAT031,31,phase_1,High,create_funnel,sister_site_funnel,birdwatching,boundary,en,/birdwatching-choco-andino/,https://chocoandinotours.com/birdwatching-choco-andino/,/es/avistamiento-de-aves-choco-andino/,https://chocoandinotours.com/es/avistamiento-de-aves-choco-andino/,https://chocoandinotours.com/birdwatching-choco-andino/,https://chocoandinotours.com/birdwatching-choco-andino/,https://chocoandinotours.com/es/avistamiento-de-aves-choco-andino/,https://chocoandinotours.com/birdwatching-choco-andino/,Birdwatching in the Chocó Andino,Birdwatching in the Chocó Andino | Where to Continue,"Understand the region’s birding context, then continue to Mindo Bird Watching for specialist guides, routes, target species and photography planning.",Birdwatching in the Chocó Andino,Chocó Andino birdwatching,avistamiento de aves Chocó Andino,Mindo birdwatching | Chocó birds Ecuador,informational_commercial,birders_and_nature_travelers,middle,Answer the core planning question for Birdwatching in the Chocó Andino and move the visitor to the correct next decision.,"Qualified tour request, WhatsApp conversation or intentional sister-site handoff",TBD_CAT_PRODUCT_MAP,active_sister_site,Explore specialist birding,Compare regional experiences,/choco-andino-biosphere-reserve/ | /mindo-and-choco-andino/,https://mindobirdwatching.com/,CollectionPage | FAQPage | WebPage | BreadcrumbList,handoff,sister_site_funnel,page_view | scroll_50 | cta_click | internal_link_click | whatsapp_click,Birdwatching in the Chocó Andino,Chocó Andino de Pichincha Biosphere Reserve | Pichincha | Ecuador | Mindo | Mindo Bird Watching | Chocó biodiversity,What should a traveler know before choosing Birdwatching in the Chocó Andino?,What is this experience or place? | Who is it best for? | How long should I allow? | What must be confirmed before visiting?,Chocó Andino de Pichincha | northwest Quito | Pichincha | Ecuador,"Authentic regional landscape, producer, community or cultural image with permission; avoid generic stock and wildlife promises.",MBW GSC and product authority; UNESCO biodiversity profile,"Do not target specialist bird-tour, species or photography keywords; route them to MBW.",700,1050,yes,0.8,quarterly,index_follow,planned,yes,EN/ES parity | self-canonical | reciprocal hreflang | x-default EN | unique title/meta/H1 | valid schema | mobile QA | CTA/event QA | no price unless confirmed,Keep concise and route specialist birding conversion to MBW to prevent cannibalization.
CAT031,31,phase_1,High,create_funnel,sister_site_funnel,birdwatching,boundary,es,/es/avistamiento-de-aves-choco-andino/,https://chocoandinotours.com/es/avistamiento-de-aves-choco-andino/,/birdwatching-choco-andino/,https://chocoandinotours.com/birdwatching-choco-andino/,https://chocoandinotours.com/es/avistamiento-de-aves-choco-andino/,https://chocoandinotours.com/birdwatching-choco-andino/,https://chocoandinotours.com/es/avistamiento-de-aves-choco-andino/,https://chocoandinotours.com/birdwatching-choco-andino/,Avistamiento de Aves en el Chocó Andino,Avistamiento de Aves en el Chocó Andino | Guía,"Conoce el contexto regional y continúa con Mindo Bird Watching para guías especialistas, rutas, especies objetivo y fotografía.",Avistamiento de Aves en el Chocó Andino,avistamiento de aves Chocó Andino,Chocó Andino birdwatching,avistamiento de aves Mindo | aves del Chocó Ecuador,informational_commercial,birders_and_nature_travelers,middle,Responder la pregunta principal sobre Avistamiento de Aves en el Chocó Andino y llevar al visitante a la siguiente decisión correcta.,"Solicitud calificada, conversación por WhatsApp o derivación intencional al sitio hermano",TBD_CAT_PRODUCT_MAP,active_sister_site,Explorar avistamiento especializado,Comparar experiencias regionales,/es/reserva-de-biosfera-choco-andino/ | /es/mindo-y-choco-andino/,https://mindobirdwatching.com/,CollectionPage | FAQPage | WebPage | BreadcrumbList,handoff,sister_site_funnel,page_view | scroll_50 | cta_click | internal_link_click | whatsapp_click,Avistamiento de Aves en el Chocó Andino,Reserva de Biósfera del Chocó Andino de Pichincha | Pichincha | Ecuador | Mindo | Mindo Bird Watching | Chocó biodiversity,¿Qué debe saber un viajero antes de elegir Avistamiento de Aves en el Chocó Andino?,¿Qué es esta experiencia o lugar? | ¿Para quién es adecuada? | ¿Cuánto tiempo se necesita? | ¿Qué se debe confirmar antes de visitar?,Chocó Andino de Pichincha | noroccidente de Quito | Pichincha | Ecuador,"Imagen auténtica de paisaje, productor, comunidad o cultura con permiso; evitar fotos genéricas y promesas de fauna.",MBW GSC and product authority; UNESCO biodiversity profile,"No competir por palabras de tours especializados, especies o fotografía; dirigirlas a MBW.",700,1050,yes,0.8,quarterly,index_follow,planned,yes,EN/ES parity | self-canonical | reciprocal hreflang | x-default EN | unique title/meta/H1 | valid schema | mobile QA | CTA/event QA | no price unless confirmed,Keep concise and route specialist birding conversion to MBW to prevent cannibalization.
CAT032,32,phase_1,High,create_funnel,sister_site_funnel,mindo_activities,boundary,en,/mindo-adventure-and-activities/,https://chocoandinotours.com/mindo-adventure-and-activities/,/es/aventura-y-actividades-en-mindo/,https://chocoandinotours.com/es/aventura-y-actividades-en-mindo/,https://chocoandinotours.com/mindo-adventure-and-activities/,https://chocoandinotours.com/mindo-adventure-and-activities/,https://chocoandinotours.com/es/aventura-y-actividades-en-mindo/,https://chocoandinotours.com/mindo-adventure-and-activities/,Mindo Adventure and Activities,Mindo Adventure and Activities | Plan with MindoTours,"Compare the regional context, then continue to MindoTours for waterfalls, canopy, tubing, canyoning and other Mindo activity planning.",Mindo Adventure and Activities,Mindo activities and adventure,actividades y aventura en Mindo,Mindo waterfalls | zipline Mindo | Mindo adventure,commercial_navigation,independent_travelers_couples_families_small_groups,middle,Answer the core planning question for Mindo Adventure and Activities and move the visitor to the correct next decision.,"Qualified tour request, WhatsApp conversation or intentional sister-site handoff",TBD_CAT_PRODUCT_MAP,active_sister_site,Explore Mindo activities,Plan a Chocó Andino route,/mindo-and-choco-andino/ | /things-to-do-in-choco-andino/,https://mindotours.com/activities/,CollectionPage | FAQPage | WebPage | BreadcrumbList,handoff,sister_site_funnel,page_view | scroll_50 | cta_click | internal_link_click | whatsapp_click,Mindo Adventure and Activities,Chocó Andino de Pichincha Biosphere Reserve | Pichincha | Ecuador | Mindo | MindoTours | waterfalls | adventure,What should a traveler know before choosing Mindo Adventure and Activities?,What is this experience or place? | Who is it best for? | How long should I allow? | What must be confirmed before visiting?,Chocó Andino de Pichincha | northwest Quito | Pichincha | Ecuador,"Authentic regional landscape, producer, community or cultural image with permission; avoid generic stock and wildlife promises.",MindoTours page plan and current crawl,Do not reproduce activity details owned by MindoTours; act as a short regional handoff.,700,1050,yes,0.8,quarterly,index_follow,planned,yes,EN/ES parity | self-canonical | reciprocal hreflang | x-default EN | unique title/meta/H1 | valid schema | mobile QA | CTA/event QA | no price unless confirmed,Boundary page only; do not duplicate MindoTours activity-page content or conversion targets.
CAT032,32,phase_1,High,create_funnel,sister_site_funnel,mindo_activities,boundary,es,/es/aventura-y-actividades-en-mindo/,https://chocoandinotours.com/es/aventura-y-actividades-en-mindo/,/mindo-adventure-and-activities/,https://chocoandinotours.com/mindo-adventure-and-activities/,https://chocoandinotours.com/es/aventura-y-actividades-en-mindo/,https://chocoandinotours.com/mindo-adventure-and-activities/,https://chocoandinotours.com/es/aventura-y-actividades-en-mindo/,https://chocoandinotours.com/mindo-adventure-and-activities/,Aventura y Actividades en Mindo,Aventura y Actividades en Mindo | MindoTours,"Compara el contexto regional y continúa con MindoTours para cascadas, canopy, tubing, canyoning y otras actividades en Mindo.",Aventura y Actividades en Mindo,actividades y aventura en Mindo,Mindo activities and adventure,cascadas de Mindo | canopy Mindo | aventura en Mindo,commercial_navigation,independent_travelers_couples_families_small_groups,middle,Responder la pregunta principal sobre Aventura y Actividades en Mindo y llevar al visitante a la siguiente decisión correcta.,"Solicitud calificada, conversación por WhatsApp o derivación intencional al sitio hermano",TBD_CAT_PRODUCT_MAP,active_sister_site,Explorar actividades en Mindo,Planificar una ruta del Chocó Andino,/es/mindo-y-choco-andino/ | /es/que-hacer-en-el-choco-andino/,https://mindotours.com/activities/,CollectionPage | FAQPage | WebPage | BreadcrumbList,handoff,sister_site_funnel,page_view | scroll_50 | cta_click | internal_link_click | whatsapp_click,Aventura y Actividades en Mindo,Reserva de Biósfera del Chocó Andino de Pichincha | Pichincha | Ecuador | Mindo | MindoTours | waterfalls | adventure,¿Qué debe saber un viajero antes de elegir Aventura y Actividades en Mindo?,¿Qué es esta experiencia o lugar? | ¿Para quién es adecuada? | ¿Cuánto tiempo se necesita? | ¿Qué se debe confirmar antes de visitar?,Chocó Andino de Pichincha | noroccidente de Quito | Pichincha | Ecuador,"Imagen auténtica de paisaje, productor, comunidad o cultura con permiso; evitar fotos genéricas y promesas de fauna.",MindoTours page plan and current crawl,No duplicar detalles de actividades de MindoTours; usar como enlace regional breve.,700,1050,yes,0.8,quarterly,index_follow,planned,yes,EN/ES parity | self-canonical | reciprocal hreflang | x-default EN | unique title/meta/H1 | valid schema | mobile QA | CTA/event QA | no price unless confirmed,Boundary page only; do not duplicate MindoTours activity-page content or conversion targets.
