priority,pair_id,english_page,spanish_page,page_name,placement,current_asset,requested_filename,shot_brief_en,shot_brief_es,recommended_dimensions,crop_guidance,delivery_format,target_web_weight,rights_requirement,status
Critical,CAT001,/,/es/,Chocó Andino Tours,hero,/assets/cat_park_page_02.jpg,assets/images/pages/replacements/cat001-hero.jpg,Layered cloud forest mountains in the Chocó Andino of Ecuador,Montañas de bosque nublado en el Chocó Andino de Ecuador,1800x1350 minimum,4:3 source; keep subject inside center square safe area,"High-quality JPG, TIFF or PNG original; site copy will be optimized to WebP",400 KB or less,Owned or licensed for commercial web use; identifiable people require permission,replace_for_unique_page_imagery
Critical,CAT001,/,/es/,Chocó Andino Tours,content_card,/assets/cta_park_page_03.jpg,assets/images/pages/replacements/cat001-card-01.jpg,Misty green mountains and forest in the Chocó Andino,Montañas verdes y neblina en el Chocó Andino,1600x900 minimum,16:9 landscape; keep subject away from edges,"High-quality JPG, TIFF or PNG original; site copy will be optimized to WebP",250 KB or less,Owned or licensed for commercial web use; identifiable people require permission,replace_for_unique_page_imagery
Critical,CAT001,/,/es/,Chocó Andino Tours,content_card,/assets/images/pages/home/cacao-pod.jpg,assets/images/pages/replacements/cat001-card-02.jpg,Fresh cacao pod opened to show cacao beans,Mazorca de cacao abierta para mostrar sus semillas,1600x900 minimum,16:9 landscape; keep subject away from edges,"High-quality JPG, TIFF or PNG original; site copy will be optimized to WebP",250 KB or less,Owned or licensed for commercial web use; identifiable people require permission,replace_for_unique_page_imagery
Critical,CAT001,/,/es/,Chocó Andino Tours,content_card,/assets/images/pages/placeholders/placeholder-tour.jpg,assets/images/pages/replacements/cat001-card-03.jpg,Rural road lined with palms in northwest Ecuador,Camino rural rodeado de palmas en el noroccidente del Ecuador,1600x900 minimum,16:9 landscape; keep subject away from edges,"High-quality JPG, TIFF or PNG original; site copy will be optimized to WebP",250 KB or less,Owned or licensed for commercial web use; identifiable people require permission,replace_now_placeholder
Critical,CAT002,/tours/,/es/tours/,Chocó Andino Tours and Guided Routes,hero,/assets/cta_park_page_03.jpg,assets/images/pages/replacements/cat002-hero.jpg,Misty forested mountains in the Chocó Andino of Ecuador,Montañas boscosas con neblina en el Chocó Andino del Ecuador,1800x1350 minimum,4:3 source; keep subject inside center square safe area,"High-quality JPG, TIFF or PNG original; site copy will be optimized to WebP",400 KB or less,Owned or licensed for commercial web use; identifiable people require permission,replace_for_unique_page_imagery
Critical,CAT002,/tours/,/es/tours/,Chocó Andino Tours and Guided Routes,content_card,/assets/cat_park_page_02.jpg,assets/images/pages/replacements/cat002-card-01.jpg,Wide view across the Chocó Andino mountains,Vista amplia de las montañas del Chocó Andino,1600x900 minimum,16:9 landscape; keep subject away from edges,"High-quality JPG, TIFF or PNG original; site copy will be optimized to WebP",250 KB or less,Owned or licensed for commercial web use; identifiable people require permission,replace_for_unique_page_imagery
Critical,CAT002,/tours/,/es/tours/,Chocó Andino Tours and Guided Routes,content_card,/assets/cta_park_page_03.jpg,assets/images/pages/replacements/cat002-card-02.jpg,Green mountains on a Chocó Andino route,Montañas verdes en una ruta del Chocó Andino,1600x900 minimum,16:9 landscape; keep subject away from edges,"High-quality JPG, TIFF or PNG original; site copy will be optimized to WebP",250 KB or less,Owned or licensed for commercial web use; identifiable people require permission,replace_for_unique_page_imagery
Critical,CAT002,/tours/,/es/tours/,Chocó Andino Tours and Guided Routes,content_card,/assets/images/pages/home/cacao-pod.jpg,assets/images/pages/replacements/cat002-card-03.jpg,Fresh cacao pod and cacao beans,Mazorca de cacao fresca y semillas de cacao,1600x900 minimum,16:9 landscape; keep subject away from edges,"High-quality JPG, TIFF or PNG original; site copy will be optimized to WebP",250 KB or less,Owned or licensed for commercial web use; identifiable people require permission,replace_for_unique_page_imagery
Critical,CAT002,/tours/,/es/tours/,Chocó Andino Tours and Guided Routes,content_card,/assets/images/pages/placeholders/placeholder-tour.jpg,assets/images/pages/replacements/cat002-card-04.jpg,Rural road through palm-covered hills in northwest Ecuador,Camino rural entre colinas con palmas en el noroccidente del Ecuador,1600x900 minimum,16:9 landscape; keep subject away from edges,"High-quality JPG, TIFF or PNG original; site copy will be optimized to WebP",250 KB or less,Owned or licensed for commercial web use; identifiable people require permission,replace_now_placeholder
Critical,CAT002,/tours/,/es/tours/,Chocó Andino Tours and Guided Routes,content_card,/assets/images/pages/placeholders/placeholder-gallery.jpg,assets/images/pages/replacements/cat002-card-05.jpg,Binoculars overlooking cloud forest habitat,Binoculares frente al hábitat del bosque nublado,1600x900 minimum,16:9 landscape; keep subject away from edges,"High-quality JPG, TIFF or PNG original; site copy will be optimized to WebP",250 KB or less,Owned or licensed for commercial web use; identifiable people require permission,replace_now_placeholder
Critical,CAT002,/tours/,/es/tours/,Chocó Andino Tours and Guided Routes,content_card,/assets/images/pages/placeholders/placeholder-hero.jpg,assets/images/pages/replacements/cat002-card-06.jpg,Photography equipment facing Chocó Andino forest,Equipo fotográfico frente al bosque del Chocó Andino,1600x900 minimum,16:9 landscape; keep subject away from edges,"High-quality JPG, TIFF or PNG original; site copy will be optimized to WebP",250 KB or less,Owned or licensed for commercial web use; identifiable people require permission,replace_now_placeholder
Critical,CAT003,/experiences/,/es/experiencias/,Chocó Andino Experiences,hero,/assets/cat_park_page_02.jpg,assets/images/pages/replacements/cat003-hero.jpg,Cloud forest valleys and mountains in Ecuador's Chocó Andino,Valles y montañas de bosque nublado en el Chocó Andino del Ecuador,1800x1350 minimum,4:3 source; keep subject inside center square safe area,"High-quality JPG, TIFF or PNG original; site copy will be optimized to WebP",400 KB or less,Owned or licensed for commercial web use; identifiable people require permission,replace_for_unique_page_imagery
Critical,CAT003,/experiences/,/es/experiencias/,Chocó Andino Experiences,content_card,/assets/images/pages/home/cacao-pod.jpg,assets/images/pages/replacements/cat003-card-01.jpg,Fresh cacao pod opened to show cacao beans,Mazorca de cacao fresca abierta para mostrar sus semillas,1600x900 minimum,16:9 landscape; keep subject away from edges,"High-quality JPG, TIFF or PNG original; site copy will be optimized to WebP",250 KB or less,Owned or licensed for commercial web use; identifiable people require permission,replace_for_unique_page_imagery
Critical,CAT003,/experiences/,/es/experiencias/,Chocó Andino Experiences,content_card,/assets/images/pages/home/coffee-cherries.jpg,assets/images/pages/replacements/cat003-card-02.jpg,Red and green coffee cherries growing on a coffee plant,Cerezas rojas y verdes creciendo en una planta de café,1600x900 minimum,16:9 landscape; keep subject away from edges,"High-quality JPG, TIFF or PNG original; site copy will be optimized to WebP",250 KB or less,Owned or licensed for commercial web use; identifiable people require permission,replace_for_unique_page_imagery
Critical,CAT003,/experiences/,/es/experiencias/,Chocó Andino Experiences,content_card,/assets/images/pages/placeholders/placeholder-tour.jpg,assets/images/pages/replacements/cat003-card-03.jpg,Rural road and palms in a Chocó Andino community landscape,Camino rural y palmas en un paisaje comunitario del Chocó Andino,1600x900 minimum,16:9 landscape; keep subject away from edges,"High-quality JPG, TIFF or PNG original; site copy will be optimized to WebP",250 KB or less,Owned or licensed for commercial web use; identifiable people require permission,replace_now_placeholder
Critical,CAT003,/experiences/,/es/experiencias/,Chocó Andino Experiences,content_card,/assets/images/pages/home/cacao-processing.jpg,assets/images/pages/replacements/cat003-card-04.jpg,Cacao beans sorted during a chocolate-making demonstration,Semillas de cacao clasificadas durante una demostración de chocolate,1600x900 minimum,16:9 landscape; keep subject away from edges,"High-quality JPG, TIFF or PNG original; site copy will be optimized to WebP",250 KB or less,Owned or licensed for commercial web use; identifiable people require permission,replace_for_unique_page_imagery
Critical,CAT003,/experiences/,/es/experiencias/,Chocó Andino Experiences,content_card,/assets/cta_park_page_03.jpg,assets/images/pages/replacements/cat003-card-05.jpg,Misty Chocó Andino cloud forest landscape,Paisaje con neblina del bosque nublado del Chocó Andino,1600x900 minimum,16:9 landscape; keep subject away from edges,"High-quality JPG, TIFF or PNG original; site copy will be optimized to WebP",250 KB or less,Owned or licensed for commercial web use; identifiable people require permission,replace_for_unique_page_imagery
Critical,CAT003,/experiences/,/es/experiencias/,Chocó Andino Experiences,content_card,/assets/images/pages/placeholders/placeholder-gallery.jpg,assets/images/pages/replacements/cat003-card-06.jpg,Binoculars overlooking cloud forest habitat,Binoculares frente al hábitat del bosque nublado,1600x900 minimum,16:9 landscape; keep subject away from edges,"High-quality JPG, TIFF or PNG original; site copy will be optimized to WebP",250 KB or less,Owned or licensed for commercial web use; identifiable people require permission,replace_now_placeholder
Critical,CAT004,/book-tour/,/es/reservar-tour/,Book a Chocó Andino Tour,hero,/assets/cat_park_page_02.jpg,assets/images/pages/replacements/cat004-hero.jpg,Layered cloud forest mountains in the Chocó Andino,Montañas y bosque nublado del Chocó Andino,1800x1350 minimum,4:3 source; keep subject inside center square safe area,"High-quality JPG, TIFF or PNG original; site copy will be optimized to WebP",400 KB or less,Owned or licensed for commercial web use; identifiable people require permission,replace_for_unique_page_imagery
Critical,CAT005,/contact/,/es/contacto/,Contact Chocó Andino Tours,hero,/assets/cat_park_page_02.jpg,assets/images/pages/replacements/cat005-hero.jpg,Cloud forest mountains in Ecuador's Chocó Andino,Montañas de bosque nublado en el Chocó Andino ecuatoriano,1800x1350 minimum,4:3 source; keep subject inside center square safe area,"High-quality JPG, TIFF or PNG original; site copy will be optimized to WebP",400 KB or less,Owned or licensed for commercial web use; identifiable people require permission,replace_for_unique_page_imagery
Critical,CAT005,/contact/,/es/contacto/,Contact Chocó Andino Tours,content_card,/assets/images/pages/placeholders/placeholder-clouds.jpg,assets/images/pages/replacements/cat005-card-01.jpg,Clouds moving across a Chocó Andino landscape,Nubes sobre un paisaje del Chocó Andino,1600x900 minimum,16:9 landscape; keep subject away from edges,"High-quality JPG, TIFF or PNG original; site copy will be optimized to WebP",250 KB or less,Owned or licensed for commercial web use; identifiable people require permission,replace_now_placeholder
Critical,CAT005,/contact/,/es/contacto/,Contact Chocó Andino Tours,content_card,/assets/images/pages/home/cacao-processing.jpg,assets/images/pages/replacements/cat005-card-02.jpg,Cacao beans during a local chocolate demonstration,Granos de cacao durante una demostración local de chocolate,1600x900 minimum,16:9 landscape; keep subject away from edges,"High-quality JPG, TIFF or PNG original; site copy will be optimized to WebP",250 KB or less,Owned or licensed for commercial web use; identifiable people require permission,replace_for_unique_page_imagery
Critical,CAT005,/contact/,/es/contacto/,Contact Chocó Andino Tours,content_card,/assets/cta_park_page_03.jpg,assets/images/pages/replacements/cat005-card-03.jpg,Misty forest landscape in the Chocó Andino,Paisaje de bosque con neblina en el Chocó Andino,1600x900 minimum,16:9 landscape; keep subject away from edges,"High-quality JPG, TIFF or PNG original; site copy will be optimized to WebP",250 KB or less,Owned or licensed for commercial web use; identifiable people require permission,replace_for_unique_page_imagery
High,CAT006,/about/,/es/sobre-nosotros/,About Chocó Andino Tours,hero,/assets/cat_park_page_02.jpg,assets/images/pages/replacements/cat006-hero.jpg,Forested mountains and mist in Ecuador's Chocó Andino,Montañas con bosque y neblina en el Chocó Andino ecuatoriano,1800x1350 minimum,4:3 source; keep subject inside center square safe area,"High-quality JPG, TIFF or PNG original; site copy will be optimized to WebP",400 KB or less,Owned or licensed for commercial web use; identifiable people require permission,replace_for_unique_page_imagery
High,CAT006,/about/,/es/sobre-nosotros/,About Chocó Andino Tours,content_card,/assets/images/pages/home/cacao-pod.jpg,assets/images/pages/replacements/cat006-card-01.jpg,Cacao pod used to discuss producer and food experiences,Mazorca de cacao para representar experiencias productivas y gastronómicas,1600x900 minimum,16:9 landscape; keep subject away from edges,"High-quality JPG, TIFF or PNG original; site copy will be optimized to WebP",250 KB or less,Owned or licensed for commercial web use; identifiable people require permission,replace_for_unique_page_imagery
High,CAT006,/about/,/es/sobre-nosotros/,About Chocó Andino Tours,content_card,/assets/cta_park_page_03.jpg,assets/images/pages/replacements/cat006-card-02.jpg,Misty forest landscape representing regional route planning,Paisaje de bosque con neblina que representa la planificación regional,1600x900 minimum,16:9 landscape; keep subject away from edges,"High-quality JPG, TIFF or PNG original; site copy will be optimized to WebP",250 KB or less,Owned or licensed for commercial web use; identifiable people require permission,replace_for_unique_page_imagery
High,CAT006,/about/,/es/sobre-nosotros/,About Chocó Andino Tours,content_card,/assets/images/pages/placeholders/placeholder-clouds.jpg,assets/images/pages/replacements/cat006-card-03.jpg,Clouds moving through forest in the Chocó Andino,Nubes atravesando el bosque del Chocó Andino,1600x900 minimum,16:9 landscape; keep subject away from edges,"High-quality JPG, TIFF or PNG original; site copy will be optimized to WebP",250 KB or less,Owned or licensed for commercial web use; identifiable people require permission,replace_now_placeholder
High,CAT007,/choco-andino-travel-guide/,/es/guia-de-viaje-choco-andino/,Chocó Andino Travel Guide,hero,/assets/cat_park_page_02.jpg,assets/images/pages/replacements/cat007-hero.jpg,Forested mountains and cloud layers in Ecuador's Chocó Andino,Montañas con bosque y capas de nubes en el Chocó Andino ecuatoriano,1800x1350 minimum,4:3 source; keep subject inside center square safe area,"High-quality JPG, TIFF or PNG original; site copy will be optimized to WebP",400 KB or less,Owned or licensed for commercial web use; identifiable people require permission,replace_for_unique_page_imagery
High,CAT007,/choco-andino-travel-guide/,/es/guia-de-viaje-choco-andino/,Chocó Andino Travel Guide,content_card,/assets/images/pages/placeholders/placeholder-clouds.jpg,assets/images/pages/replacements/cat007-card-01.jpg,Clouds over forested ridges in the Chocó Andino,Nubes sobre las cordilleras boscosas del Chocó Andino,1600x900 minimum,16:9 landscape; keep subject away from edges,"High-quality JPG, TIFF or PNG original; site copy will be optimized to WebP",250 KB or less,Owned or licensed for commercial web use; identifiable people require permission,replace_now_placeholder
High,CAT007,/choco-andino-travel-guide/,/es/guia-de-viaje-choco-andino/,Chocó Andino Travel Guide,content_card,/assets/cta_park_page_03.jpg,assets/images/pages/replacements/cat007-card-02.jpg,Misty mountain route in the Chocó Andino,Ruta de montaña con neblina en el Chocó Andino,1600x900 minimum,16:9 landscape; keep subject away from edges,"High-quality JPG, TIFF or PNG original; site copy will be optimized to WebP",250 KB or less,Owned or licensed for commercial web use; identifiable people require permission,replace_for_unique_page_imagery
High,CAT007,/choco-andino-travel-guide/,/es/guia-de-viaje-choco-andino/,Chocó Andino Travel Guide,content_card,/assets/images/pages/home/cacao-processing.jpg,assets/images/pages/replacements/cat007-card-03.jpg,Cacao beans during a local processing demonstration,Granos de cacao durante una demostración de procesamiento local,1600x900 minimum,16:9 landscape; keep subject away from edges,"High-quality JPG, TIFF or PNG original; site copy will be optimized to WebP",250 KB or less,Owned or licensed for commercial web use; identifiable people require permission,replace_for_unique_page_imagery
High,CAT008,/choco-andino-biosphere-reserve/,/es/reserva-de-biosfera-choco-andino/,Chocó Andino Biosphere Reserve,hero,/assets/cat_park_page_02.jpg,assets/images/pages/replacements/cat008-hero.jpg,Layered forested mountains in the Chocó Andino de Pichincha,Montañas boscosas en capas dentro del Chocó Andino de Pichincha,1800x1350 minimum,4:3 source; keep subject inside center square safe area,"High-quality JPG, TIFF or PNG original; site copy will be optimized to WebP",400 KB or less,Owned or licensed for commercial web use; identifiable people require permission,replace_for_unique_page_imagery
High,CAT008,/choco-andino-biosphere-reserve/,/es/reserva-de-biosfera-choco-andino/,Chocó Andino Biosphere Reserve,content_card,/assets/cta_park_page_03.jpg,assets/images/pages/replacements/cat008-card-01.jpg,Cloud forest landscape in the Chocó Andino,Paisaje de bosque nublado en el Chocó Andino,1600x900 minimum,16:9 landscape; keep subject away from edges,"High-quality JPG, TIFF or PNG original; site copy will be optimized to WebP",250 KB or less,Owned or licensed for commercial web use; identifiable people require permission,replace_for_unique_page_imagery
High,CAT008,/choco-andino-biosphere-reserve/,/es/reserva-de-biosfera-choco-andino/,Chocó Andino Biosphere Reserve,content_card,/assets/images/pages/home/cacao-pod.jpg,assets/images/pages/replacements/cat008-card-02.jpg,Cacao pod representing productive landscapes in the region,Mazorca de cacao que representa los paisajes productivos de la región,1600x900 minimum,16:9 landscape; keep subject away from edges,"High-quality JPG, TIFF or PNG original; site copy will be optimized to WebP",250 KB or less,Owned or licensed for commercial web use; identifiable people require permission,replace_for_unique_page_imagery
High,CAT008,/choco-andino-biosphere-reserve/,/es/reserva-de-biosfera-choco-andino/,Chocó Andino Biosphere Reserve,content_card,/assets/images/pages/placeholders/placeholder-clouds.jpg,assets/images/pages/replacements/cat008-card-03.jpg,Clouds moving through a forested landscape,Nubes atravesando un paisaje de bosque,1600x900 minimum,16:9 landscape; keep subject away from edges,"High-quality JPG, TIFF or PNG original; site copy will be optimized to WebP",250 KB or less,Owned or licensed for commercial web use; identifiable people require permission,replace_now_placeholder
High,CAT009,/things-to-do-in-choco-andino/,/es/que-hacer-en-el-choco-andino/,Things to Do in the Chocó Andino,hero,/assets/cat_park_page_02.jpg,assets/images/pages/replacements/cat009-hero.jpg,Forested mountains and cloud layers in Ecuador's Chocó Andino,Montañas cubiertas de bosque y nubes en el Chocó Andino de Ecuador,1800x1350 minimum,4:3 source; keep subject inside center square safe area,"High-quality JPG, TIFF or PNG original; site copy will be optimized to WebP",400 KB or less,Owned or licensed for commercial web use; identifiable people require permission,replace_for_unique_page_imagery
High,CAT009,/things-to-do-in-choco-andino/,/es/que-hacer-en-el-choco-andino/,Things to Do in the Chocó Andino,content_card,/assets/images/pages/placeholders/placeholder-hero.jpg,assets/images/pages/replacements/cat009-card-01.jpg,Rural community landscape in the Chocó Andino,Paisaje comunitario rural del Chocó Andino,1600x900 minimum,16:9 landscape; keep subject away from edges,"High-quality JPG, TIFF or PNG original; site copy will be optimized to WebP",250 KB or less,Owned or licensed for commercial web use; identifiable people require permission,replace_now_placeholder
High,CAT009,/things-to-do-in-choco-andino/,/es/que-hacer-en-el-choco-andino/,Things to Do in the Chocó Andino,content_card,/assets/images/pages/home/cacao-pod.jpg,assets/images/pages/replacements/cat009-card-02.jpg,Open cacao pod showing beans and white pulp,Mazorca abierta con semillas de cacao y pulpa blanca,1600x900 minimum,16:9 landscape; keep subject away from edges,"High-quality JPG, TIFF or PNG original; site copy will be optimized to WebP",250 KB or less,Owned or licensed for commercial web use; identifiable people require permission,replace_for_unique_page_imagery
High,CAT009,/things-to-do-in-choco-andino/,/es/que-hacer-en-el-choco-andino/,Things to Do in the Chocó Andino,content_card,/assets/images/pages/home/coffee-cherries.jpg,assets/images/pages/replacements/cat009-card-03.jpg,Red coffee cherries growing on a branch,Cerezas rojas de café creciendo en una rama,1600x900 minimum,16:9 landscape; keep subject away from edges,"High-quality JPG, TIFF or PNG original; site copy will be optimized to WebP",250 KB or less,Owned or licensed for commercial web use; identifiable people require permission,replace_for_unique_page_imagery
High,CAT009,/things-to-do-in-choco-andino/,/es/que-hacer-en-el-choco-andino/,Things to Do in the Chocó Andino,content_card,/assets/images/pages/placeholders/placeholder-clouds.jpg,assets/images/pages/replacements/cat009-card-04.jpg,Clouds moving through forested ridges,Nubes sobre cordilleras cubiertas de bosque,1600x900 minimum,16:9 landscape; keep subject away from edges,"High-quality JPG, TIFF or PNG original; site copy will be optimized to WebP",250 KB or less,Owned or licensed for commercial web use; identifiable people require permission,replace_now_placeholder
High,CAT009,/things-to-do-in-choco-andino/,/es/que-hacer-en-el-choco-andino/,Things to Do in the Chocó Andino,content_card,/assets/images/pages/placeholders/placeholder-gallery.jpg,assets/images/pages/replacements/cat009-card-05.jpg,Water and forest scenery in the Andean foothills,Agua y bosque en las estribaciones andinas,1600x900 minimum,16:9 landscape; keep subject away from edges,"High-quality JPG, TIFF or PNG original; site copy will be optimized to WebP",250 KB or less,Owned or licensed for commercial web use; identifiable people require permission,replace_now_placeholder
High,CAT009,/things-to-do-in-choco-andino/,/es/que-hacer-en-el-choco-andino/,Things to Do in the Chocó Andino,content_card,/assets/cta_park_page_03.jpg,assets/images/pages/replacements/cat009-card-06.jpg,Misty mountains in the Chocó Andino landscape,Montañas con neblina en el paisaje del Chocó Andino,1600x900 minimum,16:9 landscape; keep subject away from edges,"High-quality JPG, TIFF or PNG original; site copy will be optimized to WebP",250 KB or less,Owned or licensed for commercial web use; identifiable people require permission,replace_for_unique_page_imagery
High,CAT010,/choco-andino-day-trip-from-quito/,/es/excursion-choco-andino-desde-quito/,Chocó Andino Day Trip from Quito,hero,/assets/cat_park_page_02.jpg,assets/images/pages/replacements/cat010-hero.jpg,Forested mountains and cloud layers in the Chocó Andino northwest of Quito,Montañas cubiertas de bosque y nubes en el Chocó Andino al noroccidente de Quito,1800x1350 minimum,4:3 source; keep subject inside center square safe area,"High-quality JPG, TIFF or PNG original; site copy will be optimized to WebP",400 KB or less,Owned or licensed for commercial web use; identifiable people require permission,replace_for_unique_page_imagery
High,CAT010,/choco-andino-day-trip-from-quito/,/es/excursion-choco-andino-desde-quito/,Chocó Andino Day Trip from Quito,content_card,/assets/images/pages/placeholders/placeholder-hero.jpg,assets/images/pages/replacements/cat010-card-01.jpg,Rural landscape and local activity in the Chocó Andino,Paisaje rural y actividad local en el Chocó Andino,1600x900 minimum,16:9 landscape; keep subject away from edges,"High-quality JPG, TIFF or PNG original; site copy will be optimized to WebP",250 KB or less,Owned or licensed for commercial web use; identifiable people require permission,replace_now_placeholder
High,CAT010,/choco-andino-day-trip-from-quito/,/es/excursion-choco-andino-desde-quito/,Chocó Andino Day Trip from Quito,content_card,/assets/images/pages/home/cacao-processing.jpg,assets/images/pages/replacements/cat010-card-02.jpg,Cacao beans being processed by a local producer,Semillas de cacao procesadas por un productor local,1600x900 minimum,16:9 landscape; keep subject away from edges,"High-quality JPG, TIFF or PNG original; site copy will be optimized to WebP",250 KB or less,Owned or licensed for commercial web use; identifiable people require permission,replace_for_unique_page_imagery
High,CAT010,/choco-andino-day-trip-from-quito/,/es/excursion-choco-andino-desde-quito/,Chocó Andino Day Trip from Quito,content_card,/assets/images/pages/placeholders/placeholder-clouds.jpg,assets/images/pages/replacements/cat010-card-03.jpg,Clouds moving through forested ridges in the Chocó Andino,Nubes entre cordilleras boscosas del Chocó Andino,1600x900 minimum,16:9 landscape; keep subject away from edges,"High-quality JPG, TIFF or PNG original; site copy will be optimized to WebP",250 KB or less,Owned or licensed for commercial web use; identifiable people require permission,replace_now_placeholder
High,CAT011,/private-tours-choco-andino/,/es/tours-privados-choco-andino/,Private Tours in the Chocó Andino,hero,/assets/cat_park_page_02.jpg,assets/images/pages/replacements/cat011-hero.jpg,Forested mountains and cloud layers in Ecuador's Chocó Andino,Montañas cubiertas de bosque y nubes en el Chocó Andino de Ecuador,1800x1350 minimum,4:3 source; keep subject inside center square safe area,"High-quality JPG, TIFF or PNG original; site copy will be optimized to WebP",400 KB or less,Owned or licensed for commercial web use; identifiable people require permission,replace_for_unique_page_imagery
High,CAT011,/private-tours-choco-andino/,/es/tours-privados-choco-andino/,Private Tours in the Chocó Andino,content_card,/assets/images/pages/home/cacao-pod.jpg,assets/images/pages/replacements/cat011-card-01.jpg,Open cacao pod representing a shared local experience,Mazorca de cacao abierta como ejemplo de una experiencia local compartida,1600x900 minimum,16:9 landscape; keep subject away from edges,"High-quality JPG, TIFF or PNG original; site copy will be optimized to WebP",250 KB or less,Owned or licensed for commercial web use; identifiable people require permission,replace_for_unique_page_imagery
High,CAT011,/private-tours-choco-andino/,/es/tours-privados-choco-andino/,Private Tours in the Chocó Andino,content_card,/assets/images/pages/placeholders/placeholder-hero.jpg,assets/images/pages/replacements/cat011-card-02.jpg,Local outdoor setting suitable for a private family route,Espacio local al aire libre apropiado para una ruta familiar privada,1600x900 minimum,16:9 landscape; keep subject away from edges,"High-quality JPG, TIFF or PNG original; site copy will be optimized to WebP",250 KB or less,Owned or licensed for commercial web use; identifiable people require permission,replace_now_placeholder
High,CAT011,/private-tours-choco-andino/,/es/tours-privados-choco-andino/,Private Tours in the Chocó Andino,content_card,/assets/images/pages/placeholders/placeholder-clouds.jpg,assets/images/pages/replacements/cat011-card-03.jpg,Cloud forest ridges for a small-group regional tour,Cordilleras de bosque nublado para un tour regional de grupo pequeño,1600x900 minimum,16:9 landscape; keep subject away from edges,"High-quality JPG, TIFF or PNG original; site copy will be optimized to WebP",250 KB or less,Owned or licensed for commercial web use; identifiable people require permission,replace_now_placeholder
High,CAT011,/private-tours-choco-andino/,/es/tours-privados-choco-andino/,Private Tours in the Chocó Andino,content_card,/assets/images/pages/home/cacao-processing.jpg,assets/images/pages/replacements/cat011-card-04.jpg,Cacao processing during a producer-focused experience,Procesamiento de cacao durante una experiencia con productores,1600x900 minimum,16:9 landscape; keep subject away from edges,"High-quality JPG, TIFF or PNG original; site copy will be optimized to WebP",250 KB or less,Owned or licensed for commercial web use; identifiable people require permission,replace_for_unique_page_imagery
High,CAT011,/private-tours-choco-andino/,/es/tours-privados-choco-andino/,Private Tours in the Chocó Andino,content_card,/assets/cta_park_page_03.jpg,assets/images/pages/replacements/cat011-card-05.jpg,Misty regional road and mountain landscape,Vía regional entre neblina y paisaje montañoso,1600x900 minimum,16:9 landscape; keep subject away from edges,"High-quality JPG, TIFF or PNG original; site copy will be optimized to WebP",250 KB or less,Owned or licensed for commercial web use; identifiable people require permission,replace_for_unique_page_imagery
High,CAT011,/private-tours-choco-andino/,/es/tours-privados-choco-andino/,Private Tours in the Chocó Andino,content_card,/assets/images/pages/placeholders/placeholder-gallery.jpg,assets/images/pages/replacements/cat011-card-06.jpg,Forest and river landscape for a nature-focused route,Paisaje de bosque y río para una ruta de naturaleza,1600x900 minimum,16:9 landscape; keep subject away from edges,"High-quality JPG, TIFF or PNG original; site copy will be optimized to WebP",250 KB or less,Owned or licensed for commercial web use; identifiable people require permission,replace_now_placeholder
High,CAT012,/experiences/cacao-chocolate-choco-andino/,/es/experiencias/cacao-y-chocolate-choco-andino/,Cacao and Chocolate Experiences in the Chocó Andino,hero,/assets/images/pages/home/cacao-processing.jpg,assets/images/pages/replacements/cat012-hero.jpg,Cacao beans drying during an artisanal production process,Semillas de cacao secándose durante un proceso artesanal,1800x1350 minimum,4:3 source; keep subject inside center square safe area,"High-quality JPG, TIFF or PNG original; site copy will be optimized to WebP",400 KB or less,Owned or licensed for commercial web use; identifiable people require permission,replace_for_unique_page_imagery
High,CAT012,/experiences/cacao-chocolate-choco-andino/,/es/experiencias/cacao-y-chocolate-choco-andino/,Cacao and Chocolate Experiences in the Chocó Andino,content_card,/assets/images/pages/home/cacao-pod.jpg,assets/images/pages/replacements/cat012-card-01.jpg,Open cacao pod showing beans surrounded by white pulp,Mazorca abierta con semillas de cacao rodeadas de pulpa blanca,1600x900 minimum,16:9 landscape; keep subject away from edges,"High-quality JPG, TIFF or PNG original; site copy will be optimized to WebP",250 KB or less,Owned or licensed for commercial web use; identifiable people require permission,replace_for_unique_page_imagery
High,CAT012,/experiences/cacao-chocolate-choco-andino/,/es/experiencias/cacao-y-chocolate-choco-andino/,Cacao and Chocolate Experiences in the Chocó Andino,content_card,/assets/images/pages/home/cacao-processing.jpg,assets/images/pages/replacements/cat012-card-02.jpg,Cacao beans arranged during processing,Semillas de cacao organizadas durante su procesamiento,1600x900 minimum,16:9 landscape; keep subject away from edges,"High-quality JPG, TIFF or PNG original; site copy will be optimized to WebP",250 KB or less,Owned or licensed for commercial web use; identifiable people require permission,replace_for_unique_page_imagery
High,CAT012,/experiences/cacao-chocolate-choco-andino/,/es/experiencias/cacao-y-chocolate-choco-andino/,Cacao and Chocolate Experiences in the Chocó Andino,content_card,/assets/cat_park_page_02.jpg,assets/images/pages/replacements/cat012-card-03.jpg,Cloud forest landscape surrounding productive areas of the Chocó Andino,Paisaje de bosque nublado alrededor de zonas productivas del Chocó Andino,1600x900 minimum,16:9 landscape; keep subject away from edges,"High-quality JPG, TIFF or PNG original; site copy will be optimized to WebP",250 KB or less,Owned or licensed for commercial web use; identifiable people require permission,replace_for_unique_page_imagery
High,CAT013,/experiences/coffee-farms-choco-andino/,/es/experiencias/fincas-de-cafe-choco-andino/,Coffee Farm Experiences in the Chocó Andino,hero,/assets/images/pages/home/coffee-cherries.jpg,assets/images/pages/replacements/cat013-hero.jpg,Ripe red coffee cherries growing on a branch,Cerezas rojas maduras de café creciendo en una rama,1800x1350 minimum,4:3 source; keep subject inside center square safe area,"High-quality JPG, TIFF or PNG original; site copy will be optimized to WebP",400 KB or less,Owned or licensed for commercial web use; identifiable people require permission,replace_for_unique_page_imagery
High,CAT013,/experiences/coffee-farms-choco-andino/,/es/experiencias/fincas-de-cafe-choco-andino/,Coffee Farm Experiences in the Chocó Andino,content_card,/assets/images/pages/home/coffee-cherries.jpg,assets/images/pages/replacements/cat013-card-01.jpg,Red coffee cherries at different stages of ripeness,Cerezas rojas de café en diferentes etapas de madurez,1600x900 minimum,16:9 landscape; keep subject away from edges,"High-quality JPG, TIFF or PNG original; site copy will be optimized to WebP",250 KB or less,Owned or licensed for commercial web use; identifiable people require permission,replace_for_unique_page_imagery
High,CAT013,/experiences/coffee-farms-choco-andino/,/es/experiencias/fincas-de-cafe-choco-andino/,Coffee Farm Experiences in the Chocó Andino,content_card,/assets/images/pages/placeholders/placeholder-gallery.jpg,assets/images/pages/replacements/cat013-card-02.jpg,Rural forest setting representing post-harvest coffee work,Entorno rural boscoso que representa el trabajo de poscosecha,1600x900 minimum,16:9 landscape; keep subject away from edges,"High-quality JPG, TIFF or PNG original; site copy will be optimized to WebP",250 KB or less,Owned or licensed for commercial web use; identifiable people require permission,replace_now_placeholder
High,CAT013,/experiences/coffee-farms-choco-andino/,/es/experiencias/fincas-de-cafe-choco-andino/,Coffee Farm Experiences in the Chocó Andino,content_card,/assets/cta_park_page_03.jpg,assets/images/pages/replacements/cat013-card-03.jpg,Mountain landscape connected to the wider coffee-producing region,Paisaje montañoso conectado con la región productora de café,1600x900 minimum,16:9 landscape; keep subject away from edges,"High-quality JPG, TIFF or PNG original; site copy will be optimized to WebP",250 KB or less,Owned or licensed for commercial web use; identifiable people require permission,replace_for_unique_page_imagery
Medium,CAT014,/food-and-culture-choco-andino/,/es/gastronomia-y-cultura-choco-andino/,Food and Culture of the Chocó Andino,hero,/assets/images/pages/home/cacao-pod.jpg,assets/images/pages/replacements/cat014-hero.jpg,Open cacao pod with beans and white pulp on a wooden surface,Mazorca abierta con semillas y pulpa blanca sobre una superficie de madera,1800x1350 minimum,4:3 source; keep subject inside center square safe area,"High-quality JPG, TIFF or PNG original; site copy will be optimized to WebP",400 KB or less,Owned or licensed for commercial web use; identifiable people require permission,replace_for_unique_page_imagery
Medium,CAT014,/food-and-culture-choco-andino/,/es/gastronomia-y-cultura-choco-andino/,Food and Culture of the Chocó Andino,content_card,/assets/images/pages/home/cacao-pod.jpg,assets/images/pages/replacements/cat014-card-01.jpg,Fresh cacao pod opened to reveal the beans,Mazorca fresca abierta para mostrar las semillas de cacao,1600x900 minimum,16:9 landscape; keep subject away from edges,"High-quality JPG, TIFF or PNG original; site copy will be optimized to WebP",250 KB or less,Owned or licensed for commercial web use; identifiable people require permission,replace_for_unique_page_imagery
Medium,CAT014,/food-and-culture-choco-andino/,/es/gastronomia-y-cultura-choco-andino/,Food and Culture of the Chocó Andino,content_card,/assets/images/pages/home/coffee-cherries.jpg,assets/images/pages/replacements/cat014-card-02.jpg,Coffee cherries growing among glossy green leaves,Cerezas de café creciendo entre hojas verdes brillantes,1600x900 minimum,16:9 landscape; keep subject away from edges,"High-quality JPG, TIFF or PNG original; site copy will be optimized to WebP",250 KB or less,Owned or licensed for commercial web use; identifiable people require permission,replace_for_unique_page_imagery
Medium,CAT014,/food-and-culture-choco-andino/,/es/gastronomia-y-cultura-choco-andino/,Food and Culture of the Chocó Andino,content_card,/assets/images/pages/placeholders/placeholder-tour.jpg,assets/images/pages/replacements/cat014-card-03.jpg,A local setting suitable for a hosted meal or food conversation,Espacio local apropiado para una comida y conversación con anfitriones,1600x900 minimum,16:9 landscape; keep subject away from edges,"High-quality JPG, TIFF or PNG original; site copy will be optimized to WebP",250 KB or less,Owned or licensed for commercial web use; identifiable people require permission,replace_now_placeholder
Medium,CAT014,/food-and-culture-choco-andino/,/es/gastronomia-y-cultura-choco-andino/,Food and Culture of the Chocó Andino,content_card,/assets/images/pages/placeholders/placeholder-hero.jpg,assets/images/pages/replacements/cat014-card-04.jpg,Rural community landscape in the Chocó Andino,Paisaje comunitario rural del Chocó Andino,1600x900 minimum,16:9 landscape; keep subject away from edges,"High-quality JPG, TIFF or PNG original; site copy will be optimized to WebP",250 KB or less,Owned or licensed for commercial web use; identifiable people require permission,replace_now_placeholder
Medium,CAT014,/food-and-culture-choco-andino/,/es/gastronomia-y-cultura-choco-andino/,Food and Culture of the Chocó Andino,content_card,/assets/cat_park_page_02.jpg,assets/images/pages/replacements/cat014-card-05.jpg,Forested mountains surrounding productive landscapes in the Chocó Andino,Montañas boscosas alrededor de paisajes productivos del Chocó Andino,1600x900 minimum,16:9 landscape; keep subject away from edges,"High-quality JPG, TIFF or PNG original; site copy will be optimized to WebP",250 KB or less,Owned or licensed for commercial web use; identifiable people require permission,replace_for_unique_page_imagery
Medium,CAT014,/food-and-culture-choco-andino/,/es/gastronomia-y-cultura-choco-andino/,Food and Culture of the Chocó Andino,content_card,/assets/cta_park_page_03.jpg,assets/images/pages/replacements/cat014-card-06.jpg,Regional road and mountain scenery in the Chocó Andino,Vía regional y montañas del Chocó Andino,1600x900 minimum,16:9 landscape; keep subject away from edges,"High-quality JPG, TIFF or PNG original; site copy will be optimized to WebP",250 KB or less,Owned or licensed for commercial web use; identifiable people require permission,replace_for_unique_page_imagery
High,CAT015,/community-tourism-choco-andino/,/es/turismo-comunitario-choco-andino/,Community Tourism in the Chocó Andino,hero,/assets/images/pages/placeholders/placeholder-tour.jpg,assets/images/pages/replacements/cat015-hero.jpg,Rural road lined with palms under a broad sky in the Chocó Andino,Camino rural rodeado de palmas bajo el cielo del Chocó Andino,1800x1350 minimum,4:3 source; keep subject inside center square safe area,"High-quality JPG, TIFF or PNG original; site copy will be optimized to WebP",400 KB or less,Owned or licensed for commercial web use; identifiable people require permission,replace_now_placeholder
High,CAT015,/community-tourism-choco-andino/,/es/turismo-comunitario-choco-andino/,Community Tourism in the Chocó Andino,content_card,/assets/images/pages/placeholders/placeholder-tour.jpg,assets/images/pages/replacements/cat015-card-01.jpg,Rural access road through a productive landscape,Camino rural que atraviesa un paisaje productivo,1600x900 minimum,16:9 landscape; keep subject away from edges,"High-quality JPG, TIFF or PNG original; site copy will be optimized to WebP",250 KB or less,Owned or licensed for commercial web use; identifiable people require permission,replace_now_placeholder
High,CAT015,/community-tourism-choco-andino/,/es/turismo-comunitario-choco-andino/,Community Tourism in the Chocó Andino,content_card,/assets/images/pages/home/cacao-processing.jpg,assets/images/pages/replacements/cat015-card-02.jpg,Cacao beans being handled during a production process,Granos de cacao manipulados durante un proceso productivo,1600x900 minimum,16:9 landscape; keep subject away from edges,"High-quality JPG, TIFF or PNG original; site copy will be optimized to WebP",250 KB or less,Owned or licensed for commercial web use; identifiable people require permission,replace_for_unique_page_imagery
High,CAT015,/community-tourism-choco-andino/,/es/turismo-comunitario-choco-andino/,Community Tourism in the Chocó Andino,content_card,/assets/cat_park_page_02.jpg,assets/images/pages/replacements/cat015-card-03.jpg,Forested mountains and rural landscapes across the Chocó Andino,Montañas boscosas y paisajes rurales del Chocó Andino,1600x900 minimum,16:9 landscape; keep subject away from edges,"High-quality JPG, TIFF or PNG original; site copy will be optimized to WebP",250 KB or less,Owned or licensed for commercial web use; identifiable people require permission,replace_for_unique_page_imagery
High,CAT015,/community-tourism-choco-andino/,/es/turismo-comunitario-choco-andino/,Community Tourism in the Chocó Andino,content_card,/assets/images/pages/home/cacao-pod.jpg,assets/images/pages/replacements/cat015-card-04.jpg,Open cacao pod representing locally explained food production,Mazorca de cacao abierta como ejemplo de producción local explicada,1600x900 minimum,16:9 landscape; keep subject away from edges,"High-quality JPG, TIFF or PNG original; site copy will be optimized to WebP",250 KB or less,Owned or licensed for commercial web use; identifiable people require permission,replace_for_unique_page_imagery
High,CAT015,/community-tourism-choco-andino/,/es/turismo-comunitario-choco-andino/,Community Tourism in the Chocó Andino,content_card,/assets/images/pages/home/coffee-cherries.jpg,assets/images/pages/replacements/cat015-card-05.jpg,Coffee cherries growing on a farm in a green landscape,Cerezas de café creciendo en una finca de paisaje verde,1600x900 minimum,16:9 landscape; keep subject away from edges,"High-quality JPG, TIFF or PNG original; site copy will be optimized to WebP",250 KB or less,Owned or licensed for commercial web use; identifiable people require permission,replace_for_unique_page_imagery
High,CAT015,/community-tourism-choco-andino/,/es/turismo-comunitario-choco-andino/,Community Tourism in the Chocó Andino,content_card,/assets/images/pages/placeholders/placeholder-clouds.jpg,assets/images/pages/replacements/cat015-card-06.jpg,Clouds moving across forested mountains in the Chocó Andino,Nubes entre montañas boscosas del Chocó Andino,1600x900 minimum,16:9 landscape; keep subject away from edges,"High-quality JPG, TIFF or PNG original; site copy will be optimized to WebP",250 KB or less,Owned or licensed for commercial web use; identifiable people require permission,replace_now_placeholder
High,CAT016,/responsible-travel-choco-andino/,/es/viaje-responsable-choco-andino/,Responsible Travel in the Chocó Andino,hero,/assets/cat_park_page_02.jpg,assets/images/pages/replacements/cat016-hero.jpg,Forested mountain slopes and mist across the Chocó Andino,Laderas montañosas boscosas y neblina en el Chocó Andino,1800x1350 minimum,4:3 source; keep subject inside center square safe area,"High-quality JPG, TIFF or PNG original; site copy will be optimized to WebP",400 KB or less,Owned or licensed for commercial web use; identifiable people require permission,replace_for_unique_page_imagery
High,CAT016,/responsible-travel-choco-andino/,/es/viaje-responsable-choco-andino/,Responsible Travel in the Chocó Andino,content_card,/assets/cat_park_page_02.jpg,assets/images/pages/replacements/cat016-card-01.jpg,Wide forested territory of the Chocó Andino,Territorio boscoso amplio del Chocó Andino,1600x900 minimum,16:9 landscape; keep subject away from edges,"High-quality JPG, TIFF or PNG original; site copy will be optimized to WebP",250 KB or less,Owned or licensed for commercial web use; identifiable people require permission,replace_for_unique_page_imagery
High,CAT016,/responsible-travel-choco-andino/,/es/viaje-responsable-choco-andino/,Responsible Travel in the Chocó Andino,content_card,/assets/images/pages/placeholders/placeholder-tour.jpg,assets/images/pages/replacements/cat016-card-02.jpg,Rural road passing through a palm-filled landscape,Camino rural que atraviesa un paisaje con palmas,1600x900 minimum,16:9 landscape; keep subject away from edges,"High-quality JPG, TIFF or PNG original; site copy will be optimized to WebP",250 KB or less,Owned or licensed for commercial web use; identifiable people require permission,replace_now_placeholder
High,CAT016,/responsible-travel-choco-andino/,/es/viaje-responsable-choco-andino/,Responsible Travel in the Chocó Andino,content_card,/assets/images/pages/placeholders/placeholder-gallery.jpg,assets/images/pages/replacements/cat016-card-03.jpg,Binoculars resting beside a forest viewpoint,Binoculares junto a un mirador de bosque,1600x900 minimum,16:9 landscape; keep subject away from edges,"High-quality JPG, TIFF or PNG original; site copy will be optimized to WebP",250 KB or less,Owned or licensed for commercial web use; identifiable people require permission,replace_now_placeholder
High,CAT016,/responsible-travel-choco-andino/,/es/viaje-responsable-choco-andino/,Responsible Travel in the Chocó Andino,content_card,/assets/images/pages/home/cacao-processing.jpg,assets/images/pages/replacements/cat016-card-04.jpg,Cacao processing as part of a working local enterprise,Proceso de cacao dentro de un emprendimiento productivo,1600x900 minimum,16:9 landscape; keep subject away from edges,"High-quality JPG, TIFF or PNG original; site copy will be optimized to WebP",250 KB or less,Owned or licensed for commercial web use; identifiable people require permission,replace_for_unique_page_imagery
High,CAT016,/responsible-travel-choco-andino/,/es/viaje-responsable-choco-andino/,Responsible Travel in the Chocó Andino,content_card,/assets/images/pages/home/coffee-cherries.jpg,assets/images/pages/replacements/cat016-card-05.jpg,Coffee cherries growing within a productive landscape,Cerezas de café dentro de un paisaje productivo,1600x900 minimum,16:9 landscape; keep subject away from edges,"High-quality JPG, TIFF or PNG original; site copy will be optimized to WebP",250 KB or less,Owned or licensed for commercial web use; identifiable people require permission,replace_for_unique_page_imagery
High,CAT016,/responsible-travel-choco-andino/,/es/viaje-responsable-choco-andino/,Responsible Travel in the Chocó Andino,content_card,/assets/images/pages/placeholders/placeholder-clouds.jpg,assets/images/pages/replacements/cat016-card-06.jpg,Clouds moving through a forested mountain landscape,Nubes desplazándose entre montañas boscosas,1600x900 minimum,16:9 landscape; keep subject away from edges,"High-quality JPG, TIFF or PNG original; site copy will be optimized to WebP",250 KB or less,Owned or licensed for commercial web use; identifiable people require permission,replace_now_placeholder
Medium,CAT017,/yumbo-culture-choco-andino/,/es/cultura-yumbo-choco-andino/,Yumbo Culture and the Chocó Andino,hero,/assets/images/pages/placeholders/placeholder-tour.jpg,assets/images/pages/replacements/cat017-hero.jpg,Rural road lined with palms through the mountain landscape of northwestern Pichincha,Camino rural rodeado de palmas en el paisaje montañoso del noroccidente de Pichincha,1800x1350 minimum,4:3 source; keep subject inside center square safe area,"High-quality JPG, TIFF or PNG original; site copy will be optimized to WebP",400 KB or less,Owned or licensed for commercial web use; identifiable people require permission,replace_now_placeholder
Medium,CAT017,/yumbo-culture-choco-andino/,/es/cultura-yumbo-choco-andino/,Yumbo Culture and the Chocó Andino,content_card,/assets/cat_park_page_02.jpg,assets/images/pages/replacements/cat017-card-01.jpg,Forested slopes and valleys of northwestern Pichincha,Laderas boscosas y valles del noroccidente de Pichincha,1600x900 minimum,16:9 landscape; keep subject away from edges,"High-quality JPG, TIFF or PNG original; site copy will be optimized to WebP",250 KB or less,Owned or licensed for commercial web use; identifiable people require permission,replace_for_unique_page_imagery
Medium,CAT017,/yumbo-culture-choco-andino/,/es/cultura-yumbo-choco-andino/,Yumbo Culture and the Chocó Andino,content_card,/assets/images/pages/placeholders/placeholder-tour.jpg,assets/images/pages/replacements/cat017-card-02.jpg,Narrow rural route recalling movement through the western slopes,Camino rural angosto que recuerda el movimiento por las laderas occidentales,1600x900 minimum,16:9 landscape; keep subject away from edges,"High-quality JPG, TIFF or PNG original; site copy will be optimized to WebP",250 KB or less,Owned or licensed for commercial web use; identifiable people require permission,replace_now_placeholder
Medium,CAT017,/yumbo-culture-choco-andino/,/es/cultura-yumbo-choco-andino/,Yumbo Culture and the Chocó Andino,content_card,/assets/images/pages/placeholders/placeholder-clouds.jpg,assets/images/pages/replacements/cat017-card-03.jpg,Clouds across a mountain landscape containing archaeological sites,Nubes sobre un paisaje montañoso que contiene sitios arqueológicos,1600x900 minimum,16:9 landscape; keep subject away from edges,"High-quality JPG, TIFF or PNG original; site copy will be optimized to WebP",250 KB or less,Owned or licensed for commercial web use; identifiable people require permission,replace_now_placeholder
Medium,CAT017,/yumbo-culture-choco-andino/,/es/cultura-yumbo-choco-andino/,Yumbo Culture and the Chocó Andino,content_card,/assets/images/pages/home/coffee-cherries.jpg,assets/images/pages/replacements/cat017-card-04.jpg,Cultivated plants within a productive landscape,Plantas cultivadas dentro de un paisaje productivo,1600x900 minimum,16:9 landscape; keep subject away from edges,"High-quality JPG, TIFF or PNG original; site copy will be optimized to WebP",250 KB or less,Owned or licensed for commercial web use; identifiable people require permission,replace_for_unique_page_imagery
Medium,CAT017,/yumbo-culture-choco-andino/,/es/cultura-yumbo-choco-andino/,Yumbo Culture and the Chocó Andino,content_card,/assets/images/pages/home/cacao-pod.jpg,assets/images/pages/replacements/cat017-card-05.jpg,Cacao pod representing the need to distinguish past and present crops,Mazorca de cacao como recordatorio de distinguir cultivos pasados y presentes,1600x900 minimum,16:9 landscape; keep subject away from edges,"High-quality JPG, TIFF or PNG original; site copy will be optimized to WebP",250 KB or less,Owned or licensed for commercial web use; identifiable people require permission,replace_for_unique_page_imagery
Medium,CAT017,/yumbo-culture-choco-andino/,/es/cultura-yumbo-choco-andino/,Yumbo Culture and the Chocó Andino,content_card,/assets/images/pages/placeholders/placeholder-gallery.jpg,assets/images/pages/replacements/cat017-card-06.jpg,Binoculars on a table overlooking a forested landscape,Binoculares sobre una mesa frente a un paisaje boscoso,1600x900 minimum,16:9 landscape; keep subject away from edges,"High-quality JPG, TIFF or PNG original; site copy will be optimized to WebP",250 KB or less,Owned or licensed for commercial web use; identifiable people require permission,replace_now_placeholder
Medium,CAT018,/tulipe-archaeological-site/,/es/sitio-arqueologico-tulipe/,Tulipe Archaeological Site Visitor Guide,hero,/assets/images/pages/placeholders/placeholder-tour.jpg,assets/images/pages/replacements/cat018-hero.jpg,Rural mountain route through northwestern Pichincha near Tulipe,Ruta rural de montaña por el noroccidente de Pichincha cerca de Tulipe,1800x1350 minimum,4:3 source; keep subject inside center square safe area,"High-quality JPG, TIFF or PNG original; site copy will be optimized to WebP",400 KB or less,Owned or licensed for commercial web use; identifiable people require permission,replace_now_placeholder
Medium,CAT018,/tulipe-archaeological-site/,/es/sitio-arqueologico-tulipe/,Tulipe Archaeological Site Visitor Guide,content_card,/assets/images/pages/placeholders/placeholder-clouds.jpg,assets/images/pages/replacements/cat018-card-01.jpg,Cloud-covered slopes in the Chocó Andino landscape,Laderas cubiertas de nubes en el paisaje del Chocó Andino,1600x900 minimum,16:9 landscape; keep subject away from edges,"High-quality JPG, TIFF or PNG original; site copy will be optimized to WebP",250 KB or less,Owned or licensed for commercial web use; identifiable people require permission,replace_now_placeholder
Medium,CAT018,/tulipe-archaeological-site/,/es/sitio-arqueologico-tulipe/,Tulipe Archaeological Site Visitor Guide,content_card,/assets/cat_park_page_02.jpg,assets/images/pages/replacements/cat018-card-02.jpg,Forested terrain representative of northwestern Pichincha,Terreno boscoso representativo del noroccidente de Pichincha,1600x900 minimum,16:9 landscape; keep subject away from edges,"High-quality JPG, TIFF or PNG original; site copy will be optimized to WebP",250 KB or less,Owned or licensed for commercial web use; identifiable people require permission,replace_for_unique_page_imagery
Medium,CAT018,/tulipe-archaeological-site/,/es/sitio-arqueologico-tulipe/,Tulipe Archaeological Site Visitor Guide,content_card,/assets/images/pages/placeholders/placeholder-tour.jpg,assets/images/pages/replacements/cat018-card-03.jpg,Rural path recalling movement through steep regional terrain,Camino rural que recuerda el movimiento por el terreno empinado de la región,1600x900 minimum,16:9 landscape; keep subject away from edges,"High-quality JPG, TIFF or PNG original; site copy will be optimized to WebP",250 KB or less,Owned or licensed for commercial web use; identifiable people require permission,replace_now_placeholder
Medium,CAT018,/tulipe-archaeological-site/,/es/sitio-arqueologico-tulipe/,Tulipe Archaeological Site Visitor Guide,content_card,/assets/images/pages/home/cacao-processing.jpg,assets/images/pages/replacements/cat018-card-04.jpg,Hands working with a regional agricultural product,Manos trabajando con un producto agrícola regional,1600x900 minimum,16:9 landscape; keep subject away from edges,"High-quality JPG, TIFF or PNG original; site copy will be optimized to WebP",250 KB or less,Owned or licensed for commercial web use; identifiable people require permission,replace_for_unique_page_imagery
Medium,CAT018,/tulipe-archaeological-site/,/es/sitio-arqueologico-tulipe/,Tulipe Archaeological Site Visitor Guide,content_card,/assets/images/pages/placeholders/placeholder-gallery.jpg,assets/images/pages/replacements/cat018-card-05.jpg,View across the forested landscape of the Chocó Andino,Vista sobre el paisaje boscoso del Chocó Andino,1600x900 minimum,16:9 landscape; keep subject away from edges,"High-quality JPG, TIFF or PNG original; site copy will be optimized to WebP",250 KB or less,Owned or licensed for commercial web use; identifiable people require permission,replace_now_placeholder
Medium,CAT018,/tulipe-archaeological-site/,/es/sitio-arqueologico-tulipe/,Tulipe Archaeological Site Visitor Guide,content_card,/assets/images/pages/home/cacao-pod.jpg,assets/images/pages/replacements/cat018-card-06.jpg,Regional cacao representing a possible contemporary producer stop,Cacao regional como ejemplo de una posible parada productiva actual,1600x900 minimum,16:9 landscape; keep subject away from edges,"High-quality JPG, TIFF or PNG original; site copy will be optimized to WebP",250 KB or less,Owned or licensed for commercial web use; identifiable people require permission,replace_for_unique_page_imagery
Medium,CAT019,/yunguilla-community-tourism/,/es/turismo-comunitario-yunguilla/,Yunguilla Community Tourism Guide,hero,/assets/cat_park_page_02.jpg,assets/images/pages/replacements/cat019-hero.jpg,Cloud forest landscape in the wider Chocó Andino around Yunguilla,Paisaje de bosque nublado del Chocó Andino alrededor de Yunguilla,1800x1350 minimum,4:3 source; keep subject inside center square safe area,"High-quality JPG, TIFF or PNG original; site copy will be optimized to WebP",400 KB or less,Owned or licensed for commercial web use; identifiable people require permission,replace_for_unique_page_imagery
Medium,CAT019,/yunguilla-community-tourism/,/es/turismo-comunitario-yunguilla/,Yunguilla Community Tourism Guide,content_card,/assets/images/pages/placeholders/placeholder-tour.jpg,assets/images/pages/replacements/cat019-card-01.jpg,Rural road through the mountain landscape of northwestern Pichincha,Camino rural por el paisaje montañoso del noroccidente de Pichincha,1600x900 minimum,16:9 landscape; keep subject away from edges,"High-quality JPG, TIFF or PNG original; site copy will be optimized to WebP",250 KB or less,Owned or licensed for commercial web use; identifiable people require permission,replace_now_placeholder
Medium,CAT019,/yunguilla-community-tourism/,/es/turismo-comunitario-yunguilla/,Yunguilla Community Tourism Guide,content_card,/assets/images/pages/home/cacao-processing.jpg,assets/images/pages/replacements/cat019-card-02.jpg,Hands demonstrating a regional productive process,Manos mostrando un proceso productivo regional,1600x900 minimum,16:9 landscape; keep subject away from edges,"High-quality JPG, TIFF or PNG original; site copy will be optimized to WebP",250 KB or less,Owned or licensed for commercial web use; identifiable people require permission,replace_for_unique_page_imagery
Medium,CAT019,/yunguilla-community-tourism/,/es/turismo-comunitario-yunguilla/,Yunguilla Community Tourism Guide,content_card,/assets/images/pages/home/coffee-cherries.jpg,assets/images/pages/replacements/cat019-card-03.jpg,Cultivated fruit representing local food and agricultural knowledge,Frutos cultivados que representan gastronomía y conocimiento agrícola local,1600x900 minimum,16:9 landscape; keep subject away from edges,"High-quality JPG, TIFF or PNG original; site copy will be optimized to WebP",250 KB or less,Owned or licensed for commercial web use; identifiable people require permission,replace_for_unique_page_imagery
Medium,CAT019,/yunguilla-community-tourism/,/es/turismo-comunitario-yunguilla/,Yunguilla Community Tourism Guide,content_card,/assets/images/pages/placeholders/placeholder-clouds.jpg,assets/images/pages/replacements/cat019-card-04.jpg,Cloud forest slopes surrounding rural communities,Laderas de bosque nublado alrededor de comunidades rurales,1600x900 minimum,16:9 landscape; keep subject away from edges,"High-quality JPG, TIFF or PNG original; site copy will be optimized to WebP",250 KB or less,Owned or licensed for commercial web use; identifiable people require permission,replace_now_placeholder
Medium,CAT019,/yunguilla-community-tourism/,/es/turismo-comunitario-yunguilla/,Yunguilla Community Tourism Guide,content_card,/assets/images/pages/placeholders/placeholder-gallery.jpg,assets/images/pages/replacements/cat019-card-05.jpg,View over a forested valley in the Chocó Andino,Vista sobre un valle boscoso del Chocó Andino,1600x900 minimum,16:9 landscape; keep subject away from edges,"High-quality JPG, TIFF or PNG original; site copy will be optimized to WebP",250 KB or less,Owned or licensed for commercial web use; identifiable people require permission,replace_now_placeholder
Medium,CAT019,/yunguilla-community-tourism/,/es/turismo-comunitario-yunguilla/,Yunguilla Community Tourism Guide,content_card,/assets/images/pages/home/cacao-pod.jpg,assets/images/pages/replacements/cat019-card-06.jpg,Regional crop representing a possible host-led learning activity,Cultivo regional que representa una posible actividad dirigida por anfitriones,1600x900 minimum,16:9 landscape; keep subject away from edges,"High-quality JPG, TIFF or PNG original; site copy will be optimized to WebP",250 KB or less,Owned or licensed for commercial web use; identifiable people require permission,replace_for_unique_page_imagery
Medium,CAT020,/pacto-choco-andino-guide/,/es/guia-pacto-choco-andino/,Pacto and the Chocó Andino,hero,/assets/images/pages/home/cacao-pod.jpg,assets/images/pages/replacements/cat020-hero.jpg,Cacao pod representing productive landscapes in the Pacto area,Mazorca de cacao que representa los paisajes productivos del sector de Pacto,1800x1350 minimum,4:3 source; keep subject inside center square safe area,"High-quality JPG, TIFF or PNG original; site copy will be optimized to WebP",400 KB or less,Owned or licensed for commercial web use; identifiable people require permission,replace_for_unique_page_imagery
Medium,CAT020,/pacto-choco-andino-guide/,/es/guia-pacto-choco-andino/,Pacto and the Chocó Andino,content_card,/assets/images/pages/home/cacao-processing.jpg,assets/images/pages/replacements/cat020-card-01.jpg,Cacao beans drying during a productive process,Granos de cacao secándose durante un proceso productivo,1600x900 minimum,16:9 landscape; keep subject away from edges,"High-quality JPG, TIFF or PNG original; site copy will be optimized to WebP",250 KB or less,Owned or licensed for commercial web use; identifiable people require permission,replace_for_unique_page_imagery
Medium,CAT020,/pacto-choco-andino-guide/,/es/guia-pacto-choco-andino/,Pacto and the Chocó Andino,content_card,/assets/images/pages/home/cacao-pod.jpg,assets/images/pages/replacements/cat020-card-02.jpg,Cacao fruit growing in a productive landscape,Fruto de cacao creciendo en un paisaje productivo,1600x900 minimum,16:9 landscape; keep subject away from edges,"High-quality JPG, TIFF or PNG original; site copy will be optimized to WebP",250 KB or less,Owned or licensed for commercial web use; identifiable people require permission,replace_for_unique_page_imagery
Medium,CAT020,/pacto-choco-andino-guide/,/es/guia-pacto-choco-andino/,Pacto and the Chocó Andino,content_card,/assets/images/pages/placeholders/placeholder-clouds.jpg,assets/images/pages/replacements/cat020-card-03.jpg,Clouds moving through the western mountain landscape,Nubes moviéndose por el paisaje montañoso occidental,1600x900 minimum,16:9 landscape; keep subject away from edges,"High-quality JPG, TIFF or PNG original; site copy will be optimized to WebP",250 KB or less,Owned or licensed for commercial web use; identifiable people require permission,replace_now_placeholder
Medium,CAT020,/pacto-choco-andino-guide/,/es/guia-pacto-choco-andino/,Pacto and the Chocó Andino,content_card,/assets/cta_park_page_03.jpg,assets/images/pages/replacements/cat020-card-04.jpg,Water moving through a forested landscape,Agua moviéndose por un paisaje boscoso,1600x900 minimum,16:9 landscape; keep subject away from edges,"High-quality JPG, TIFF or PNG original; site copy will be optimized to WebP",250 KB or less,Owned or licensed for commercial web use; identifiable people require permission,replace_for_unique_page_imagery
Medium,CAT020,/pacto-choco-andino-guide/,/es/guia-pacto-choco-andino/,Pacto and the Chocó Andino,content_card,/assets/images/pages/home/coffee-cherries.jpg,assets/images/pages/replacements/cat020-card-05.jpg,Cultivated fruit representing regional agriculture and food,Frutos cultivados que representan agricultura y gastronomía regional,1600x900 minimum,16:9 landscape; keep subject away from edges,"High-quality JPG, TIFF or PNG original; site copy will be optimized to WebP",250 KB or less,Owned or licensed for commercial web use; identifiable people require permission,replace_for_unique_page_imagery
Medium,CAT020,/pacto-choco-andino-guide/,/es/guia-pacto-choco-andino/,Pacto and the Chocó Andino,content_card,/assets/cat_park_page_02.jpg,assets/images/pages/replacements/cat020-card-06.jpg,Forested ridges in the wider Chocó Andino,Cordilleras boscosas del amplio Chocó Andino,1600x900 minimum,16:9 landscape; keep subject away from edges,"High-quality JPG, TIFF or PNG original; site copy will be optimized to WebP",250 KB or less,Owned or licensed for commercial web use; identifiable people require permission,replace_for_unique_page_imagery
Medium,CAT021,/nanegalito-choco-andino-guide/,/es/guia-nanegalito-choco-andino/,Nanegalito and the Chocó Andino,hero,/assets/images/pages/home/coffee-cherries.jpg,assets/images/pages/replacements/cat021-hero.jpg,Coffee cherries representing productive landscapes around Nanegalito,Cerezas de café que representan los paisajes productivos alrededor de Nanegalito,1800x1350 minimum,4:3 source; keep subject inside center square safe area,"High-quality JPG, TIFF or PNG original; site copy will be optimized to WebP",400 KB or less,Owned or licensed for commercial web use; identifiable people require permission,replace_for_unique_page_imagery
Medium,CAT021,/nanegalito-choco-andino-guide/,/es/guia-nanegalito-choco-andino/,Nanegalito and the Chocó Andino,content_card,/assets/images/pages/home/coffee-cherries.jpg,assets/images/pages/replacements/cat021-card-01.jpg,Ripe coffee cherries on a productive plant,Cerezas maduras de café en una planta productiva,1600x900 minimum,16:9 landscape; keep subject away from edges,"High-quality JPG, TIFF or PNG original; site copy will be optimized to WebP",250 KB or less,Owned or licensed for commercial web use; identifiable people require permission,replace_for_unique_page_imagery
Medium,CAT021,/nanegalito-choco-andino-guide/,/es/guia-nanegalito-choco-andino/,Nanegalito and the Chocó Andino,content_card,/assets/images/pages/home/cacao-processing.jpg,assets/images/pages/replacements/cat021-card-02.jpg,Agricultural product drying during a hands-on process,Producto agrícola secándose durante un proceso práctico,1600x900 minimum,16:9 landscape; keep subject away from edges,"High-quality JPG, TIFF or PNG original; site copy will be optimized to WebP",250 KB or less,Owned or licensed for commercial web use; identifiable people require permission,replace_for_unique_page_imagery
Medium,CAT021,/nanegalito-choco-andino-guide/,/es/guia-nanegalito-choco-andino/,Nanegalito and the Chocó Andino,content_card,/assets/cat_park_page_02.jpg,assets/images/pages/replacements/cat021-card-03.jpg,Mountain forest landscape in the Chocó Andino,Paisaje de bosque montano del Chocó Andino,1600x900 minimum,16:9 landscape; keep subject away from edges,"High-quality JPG, TIFF or PNG original; site copy will be optimized to WebP",250 KB or less,Owned or licensed for commercial web use; identifiable people require permission,replace_for_unique_page_imagery
Medium,CAT021,/nanegalito-choco-andino-guide/,/es/guia-nanegalito-choco-andino/,Nanegalito and the Chocó Andino,content_card,/assets/images/pages/placeholders/placeholder-tour.jpg,assets/images/pages/replacements/cat021-card-04.jpg,Rural road through northwestern Pichincha,Camino rural por el noroccidente de Pichincha,1600x900 minimum,16:9 landscape; keep subject away from edges,"High-quality JPG, TIFF or PNG original; site copy will be optimized to WebP",250 KB or less,Owned or licensed for commercial web use; identifiable people require permission,replace_now_placeholder
Medium,CAT021,/nanegalito-choco-andino-guide/,/es/guia-nanegalito-choco-andino/,Nanegalito and the Chocó Andino,content_card,/assets/images/pages/home/cacao-pod.jpg,assets/images/pages/replacements/cat021-card-05.jpg,Regional crop representing rural food and producer knowledge,Cultivo regional que representa gastronomía y conocimiento productivo,1600x900 minimum,16:9 landscape; keep subject away from edges,"High-quality JPG, TIFF or PNG original; site copy will be optimized to WebP",250 KB or less,Owned or licensed for commercial web use; identifiable people require permission,replace_for_unique_page_imagery
Medium,CAT021,/nanegalito-choco-andino-guide/,/es/guia-nanegalito-choco-andino/,Nanegalito and the Chocó Andino,content_card,/assets/images/pages/placeholders/placeholder-clouds.jpg,assets/images/pages/replacements/cat021-card-06.jpg,Clouds moving through forested mountain slopes,Nubes moviéndose por laderas montañosas boscosas,1600x900 minimum,16:9 landscape; keep subject away from edges,"High-quality JPG, TIFF or PNG original; site copy will be optimized to WebP",250 KB or less,Owned or licensed for commercial web use; identifiable people require permission,replace_now_placeholder
Medium,CAT022,/mashpi-pachijal-choco-andino/,/es/mashpi-pachijal-choco-andino/,Mashpi and Pachijal in the Chocó Andino,hero,/assets/cat_park_page_02.jpg,assets/images/pages/replacements/cat022-hero.jpg,Forested lower slopes representative of the Mashpi and Pachijal landscape,Laderas boscosas de menor elevación representativas del paisaje de Mashpi y Pachijal,1800x1350 minimum,4:3 source; keep subject inside center square safe area,"High-quality JPG, TIFF or PNG original; site copy will be optimized to WebP",400 KB or less,Owned or licensed for commercial web use; identifiable people require permission,replace_for_unique_page_imagery
Medium,CAT022,/mashpi-pachijal-choco-andino/,/es/mashpi-pachijal-choco-andino/,Mashpi and Pachijal in the Chocó Andino,content_card,/assets/images/pages/placeholders/placeholder-clouds.jpg,assets/images/pages/replacements/cat022-card-01.jpg,Clouds crossing forested foothills at lower elevation,Nubes atravesando estribaciones boscosas de menor elevación,1600x900 minimum,16:9 landscape; keep subject away from edges,"High-quality JPG, TIFF or PNG original; site copy will be optimized to WebP",250 KB or less,Owned or licensed for commercial web use; identifiable people require permission,replace_now_placeholder
Medium,CAT022,/mashpi-pachijal-choco-andino/,/es/mashpi-pachijal-choco-andino/,Mashpi and Pachijal in the Chocó Andino,content_card,/assets/cta_park_page_03.jpg,assets/images/pages/replacements/cat022-card-02.jpg,Water moving through a forested watershed,Agua moviéndose por una microcuenca boscosa,1600x900 minimum,16:9 landscape; keep subject away from edges,"High-quality JPG, TIFF or PNG original; site copy will be optimized to WebP",250 KB or less,Owned or licensed for commercial web use; identifiable people require permission,replace_for_unique_page_imagery
Medium,CAT022,/mashpi-pachijal-choco-andino/,/es/mashpi-pachijal-choco-andino/,Mashpi and Pachijal in the Chocó Andino,content_card,/assets/images/pages/home/cacao-pod.jpg,assets/images/pages/replacements/cat022-card-03.jpg,Cacao pod representing productive landscapes near Mashpi,Mazorca de cacao que representa paisajes productivos cerca de Mashpi,1600x900 minimum,16:9 landscape; keep subject away from edges,"High-quality JPG, TIFF or PNG original; site copy will be optimized to WebP",250 KB or less,Owned or licensed for commercial web use; identifiable people require permission,replace_for_unique_page_imagery
Medium,CAT022,/mashpi-pachijal-choco-andino/,/es/mashpi-pachijal-choco-andino/,Mashpi and Pachijal in the Chocó Andino,content_card,/assets/images/pages/placeholders/placeholder-tour.jpg,assets/images/pages/replacements/cat022-card-04.jpg,Rural road through forested western terrain,Camino rural por el terreno boscoso occidental,1600x900 minimum,16:9 landscape; keep subject away from edges,"High-quality JPG, TIFF or PNG original; site copy will be optimized to WebP",250 KB or less,Owned or licensed for commercial web use; identifiable people require permission,replace_now_placeholder
Medium,CAT022,/mashpi-pachijal-choco-andino/,/es/mashpi-pachijal-choco-andino/,Mashpi and Pachijal in the Chocó Andino,content_card,/assets/images/pages/placeholders/placeholder-gallery.jpg,assets/images/pages/replacements/cat022-card-05.jpg,View across a forested valley in the Chocó Andino,Vista sobre un valle boscoso del Chocó Andino,1600x900 minimum,16:9 landscape; keep subject away from edges,"High-quality JPG, TIFF or PNG original; site copy will be optimized to WebP",250 KB or less,Owned or licensed for commercial web use; identifiable people require permission,replace_now_placeholder
Medium,CAT022,/mashpi-pachijal-choco-andino/,/es/mashpi-pachijal-choco-andino/,Mashpi and Pachijal in the Chocó Andino,content_card,/assets/images/pages/home/cacao-processing.jpg,assets/images/pages/replacements/cat022-card-06.jpg,Hands working with an agricultural product,Manos trabajando con un producto agrícola,1600x900 minimum,16:9 landscape; keep subject away from edges,"High-quality JPG, TIFF or PNG original; site copy will be optimized to WebP",250 KB or less,Owned or licensed for commercial web use; identifiable people require permission,replace_for_unique_page_imagery
High,CAT023,/mindo-and-choco-andino/,/es/mindo-y-choco-andino/,Mindo and the Chocó Andino,hero,/assets/cta_park_page_03.jpg,assets/images/pages/replacements/cat023-hero.jpg,Cloud forest river landscape representative of Mindo and the Chocó Andino,Paisaje de río y bosque nublado representativo de Mindo y el Chocó Andino,1800x1350 minimum,4:3 source; keep subject inside center square safe area,"High-quality JPG, TIFF or PNG original; site copy will be optimized to WebP",400 KB or less,Owned or licensed for commercial web use; identifiable people require permission,replace_for_unique_page_imagery
High,CAT023,/mindo-and-choco-andino/,/es/mindo-y-choco-andino/,Mindo and the Chocó Andino,content_card,/assets/cta_park_page_03.jpg,assets/images/pages/replacements/cat023-card-01.jpg,Cloud forest scenery associated with Mindo activities,Paisaje de cascada y bosque asociado con actividades de Mindo,1600x900 minimum,16:9 landscape; keep subject away from edges,"High-quality JPG, TIFF or PNG original; site copy will be optimized to WebP",250 KB or less,Owned or licensed for commercial web use; identifiable people require permission,replace_for_unique_page_imagery
High,CAT023,/mindo-and-choco-andino/,/es/mindo-y-choco-andino/,Mindo and the Chocó Andino,content_card,/assets/images/pages/placeholders/placeholder-gallery.jpg,assets/images/pages/replacements/cat023-card-02.jpg,Binoculars overlooking a forested landscape,Binoculares frente a un paisaje boscoso,1600x900 minimum,16:9 landscape; keep subject away from edges,"High-quality JPG, TIFF or PNG original; site copy will be optimized to WebP",250 KB or less,Owned or licensed for commercial web use; identifiable people require permission,replace_now_placeholder
High,CAT023,/mindo-and-choco-andino/,/es/mindo-y-choco-andino/,Mindo and the Chocó Andino,content_card,/assets/cat_park_page_02.jpg,assets/images/pages/replacements/cat023-card-03.jpg,Broad mountain forest landscape of the Chocó Andino,Amplio paisaje de bosque montano del Chocó Andino,1600x900 minimum,16:9 landscape; keep subject away from edges,"High-quality JPG, TIFF or PNG original; site copy will be optimized to WebP",250 KB or less,Owned or licensed for commercial web use; identifiable people require permission,replace_for_unique_page_imagery
High,CAT023,/mindo-and-choco-andino/,/es/mindo-y-choco-andino/,Mindo and the Chocó Andino,content_card,/assets/images/pages/home/cacao-pod.jpg,assets/images/pages/replacements/cat023-card-04.jpg,Cacao pod representing producer experiences outside a standard Mindo circuit,Cacao que representa experiencias productivas fuera del circuito habitual de Mindo,1600x900 minimum,16:9 landscape; keep subject away from edges,"High-quality JPG, TIFF or PNG original; site copy will be optimized to WebP",250 KB or less,Owned or licensed for commercial web use; identifiable people require permission,replace_for_unique_page_imagery
High,CAT023,/mindo-and-choco-andino/,/es/mindo-y-choco-andino/,Mindo and the Chocó Andino,content_card,/assets/images/pages/placeholders/placeholder-tour.jpg,assets/images/pages/replacements/cat023-card-05.jpg,Rural road connecting destinations in northwestern Pichincha,Camino rural que conecta destinos del noroccidente de Pichincha,1600x900 minimum,16:9 landscape; keep subject away from edges,"High-quality JPG, TIFF or PNG original; site copy will be optimized to WebP",250 KB or less,Owned or licensed for commercial web use; identifiable people require permission,replace_now_placeholder
High,CAT023,/mindo-and-choco-andino/,/es/mindo-y-choco-andino/,Mindo and the Chocó Andino,content_card,/assets/images/pages/placeholders/placeholder-clouds.jpg,assets/images/pages/replacements/cat023-card-06.jpg,Clouds across forested mountain elevations,Nubes sobre distintas elevaciones boscosas,1600x900 minimum,16:9 landscape; keep subject away from edges,"High-quality JPG, TIFF or PNG original; site copy will be optimized to WebP",250 KB or less,Owned or licensed for commercial web use; identifiable people require permission,replace_now_placeholder
Medium,CAT024,/cloud-forest-waterfalls-choco-andino/,/es/bosque-nublado-y-cascadas-choco-andino/,Cloud Forest and Waterfalls in the Chocó Andino,hero,/assets/cta_park_page_03.jpg,assets/images/pages/replacements/cat024-hero.jpg,Cloud forest landscape shaped by mountain watersheds,Paisaje de bosque nublado entre cuencas montañosas,1800x1350 minimum,4:3 source; keep subject inside center square safe area,"High-quality JPG, TIFF or PNG original; site copy will be optimized to WebP",400 KB or less,Owned or licensed for commercial web use; identifiable people require permission,replace_for_unique_page_imagery
Medium,CAT024,/cloud-forest-waterfalls-choco-andino/,/es/bosque-nublado-y-cascadas-choco-andino/,Cloud Forest and Waterfalls in the Chocó Andino,content_card,/assets/images/pages/placeholders/placeholder-clouds.jpg,assets/images/pages/replacements/cat024-card-01.jpg,Cloud layers crossing forested mountain slopes,Capas de nubes sobre laderas boscosas,1600x900 minimum,16:9 landscape; keep subject away from edges,"High-quality JPG, TIFF or PNG original; site copy will be optimized to WebP",250 KB or less,Owned or licensed for commercial web use; identifiable people require permission,replace_now_placeholder
Medium,CAT024,/cloud-forest-waterfalls-choco-andino/,/es/bosque-nublado-y-cascadas-choco-andino/,Cloud Forest and Waterfalls in the Chocó Andino,content_card,/assets/cta_park_page_03.jpg,assets/images/pages/replacements/cat024-card-02.jpg,Humid cloud forest shaped by rivers and rainfall,Bosque nublado húmedo moldeado por ríos y lluvias,1600x900 minimum,16:9 landscape; keep subject away from edges,"High-quality JPG, TIFF or PNG original; site copy will be optimized to WebP",250 KB or less,Owned or licensed for commercial web use; identifiable people require permission,replace_for_unique_page_imagery
Medium,CAT024,/cloud-forest-waterfalls-choco-andino/,/es/bosque-nublado-y-cascadas-choco-andino/,Cloud Forest and Waterfalls in the Chocó Andino,content_card,/assets/images/pages/placeholders/placeholder-tour.jpg,assets/images/pages/replacements/cat024-card-03.jpg,Rural entrance road leading into forest,Vía rural de entrada hacia el bosque,1600x900 minimum,16:9 landscape; keep subject away from edges,"High-quality JPG, TIFF or PNG original; site copy will be optimized to WebP",250 KB or less,Owned or licensed for commercial web use; identifiable people require permission,replace_now_placeholder
Medium,CAT024,/cloud-forest-waterfalls-choco-andino/,/es/bosque-nublado-y-cascadas-choco-andino/,Cloud Forest and Waterfalls in the Chocó Andino,content_card,/assets/cat_park_page_02.jpg,assets/images/pages/replacements/cat024-card-04.jpg,Mountain forest with steep terrain,Bosque montañoso con terreno inclinado,1600x900 minimum,16:9 landscape; keep subject away from edges,"High-quality JPG, TIFF or PNG original; site copy will be optimized to WebP",250 KB or less,Owned or licensed for commercial web use; identifiable people require permission,replace_for_unique_page_imagery
Medium,CAT024,/cloud-forest-waterfalls-choco-andino/,/es/bosque-nublado-y-cascadas-choco-andino/,Cloud Forest and Waterfalls in the Chocó Andino,content_card,/assets/images/pages/placeholders/placeholder-gallery.jpg,assets/images/pages/replacements/cat024-card-05.jpg,Traveler viewing wet cloud forest conditions,Visitante observando condiciones húmedas del bosque,1600x900 minimum,16:9 landscape; keep subject away from edges,"High-quality JPG, TIFF or PNG original; site copy will be optimized to WebP",250 KB or less,Owned or licensed for commercial web use; identifiable people require permission,replace_now_placeholder
Medium,CAT024,/cloud-forest-waterfalls-choco-andino/,/es/bosque-nublado-y-cascadas-choco-andino/,Cloud Forest and Waterfalls in the Chocó Andino,content_card,/assets/cat_park_page_02.jpg,assets/images/pages/replacements/cat024-card-06.jpg,Green forest landscape near Mindo,Paisaje de bosque verde cerca de Mindo,1600x900 minimum,16:9 landscape; keep subject away from edges,"High-quality JPG, TIFF or PNG original; site copy will be optimized to WebP",250 KB or less,Owned or licensed for commercial web use; identifiable people require permission,replace_for_unique_page_imagery
Medium,CAT025,/local-farms-and-producers-choco-andino/,/es/fincas-y-productores-choco-andino/,Local Farms and Producers in the Chocó Andino,hero,/assets/images/pages/home/cacao-pod.jpg,assets/images/pages/replacements/cat025-hero.jpg,Open cacao pod showing beans and pulp,Mazorca de cacao abierta con sus granos y pulpa,1800x1350 minimum,4:3 source; keep subject inside center square safe area,"High-quality JPG, TIFF or PNG original; site copy will be optimized to WebP",400 KB or less,Owned or licensed for commercial web use; identifiable people require permission,replace_for_unique_page_imagery
Medium,CAT025,/local-farms-and-producers-choco-andino/,/es/fincas-y-productores-choco-andino/,Local Farms and Producers in the Chocó Andino,content_card,/assets/images/pages/home/cacao-pod.jpg,assets/images/pages/replacements/cat025-card-01.jpg,Cacao pod opened to show fresh beans,Mazorca abierta con granos frescos de cacao,1600x900 minimum,16:9 landscape; keep subject away from edges,"High-quality JPG, TIFF or PNG original; site copy will be optimized to WebP",250 KB or less,Owned or licensed for commercial web use; identifiable people require permission,replace_for_unique_page_imagery
Medium,CAT025,/local-farms-and-producers-choco-andino/,/es/fincas-y-productores-choco-andino/,Local Farms and Producers in the Chocó Andino,content_card,/assets/images/pages/home/coffee-cherries.jpg,assets/images/pages/replacements/cat025-card-02.jpg,Ripe coffee cherries growing on a branch,Cerezas maduras de café en una rama,1600x900 minimum,16:9 landscape; keep subject away from edges,"High-quality JPG, TIFF or PNG original; site copy will be optimized to WebP",250 KB or less,Owned or licensed for commercial web use; identifiable people require permission,replace_for_unique_page_imagery
Medium,CAT025,/local-farms-and-producers-choco-andino/,/es/fincas-y-productores-choco-andino/,Local Farms and Producers in the Chocó Andino,content_card,/assets/images/pages/placeholders/placeholder-tour.jpg,assets/images/pages/replacements/cat025-card-03.jpg,Rural productive landscape in northwestern Pichincha,Paisaje productivo rural del noroccidente de Pichincha,1600x900 minimum,16:9 landscape; keep subject away from edges,"High-quality JPG, TIFF or PNG original; site copy will be optimized to WebP",250 KB or less,Owned or licensed for commercial web use; identifiable people require permission,replace_now_placeholder
Medium,CAT025,/local-farms-and-producers-choco-andino/,/es/fincas-y-productores-choco-andino/,Local Farms and Producers in the Chocó Andino,content_card,/assets/cat_park_page_02.jpg,assets/images/pages/replacements/cat025-card-04.jpg,Forested rural mountains near productive communities,Montañas rurales boscosas cerca de comunidades productivas,1600x900 minimum,16:9 landscape; keep subject away from edges,"High-quality JPG, TIFF or PNG original; site copy will be optimized to WebP",250 KB or less,Owned or licensed for commercial web use; identifiable people require permission,replace_for_unique_page_imagery
Medium,CAT025,/local-farms-and-producers-choco-andino/,/es/fincas-y-productores-choco-andino/,Local Farms and Producers in the Chocó Andino,content_card,/assets/images/pages/home/cacao-processing.jpg,assets/images/pages/replacements/cat025-card-05.jpg,Cacao beans arranged during local processing,Granos de cacao durante un proceso local,1600x900 minimum,16:9 landscape; keep subject away from edges,"High-quality JPG, TIFF or PNG original; site copy will be optimized to WebP",250 KB or less,Owned or licensed for commercial web use; identifiable people require permission,replace_for_unique_page_imagery
Medium,CAT025,/local-farms-and-producers-choco-andino/,/es/fincas-y-productores-choco-andino/,Local Farms and Producers in the Chocó Andino,content_card,/assets/images/pages/placeholders/placeholder-hero.jpg,assets/images/pages/replacements/cat025-card-06.jpg,Rural learning setting overlooking forest,Espacio rural de aprendizaje con vista al bosque,1600x900 minimum,16:9 landscape; keep subject away from edges,"High-quality JPG, TIFF or PNG original; site copy will be optimized to WebP",250 KB or less,Owned or licensed for commercial web use; identifiable people require permission,replace_now_placeholder
High,CAT026,/quito-to-choco-andino-transport/,/es/transporte-quito-choco-andino/,Quito to the Chocó Andino Transport,hero,/assets/cat_park_page_02.jpg,assets/images/pages/replacements/cat026-hero.jpg,Forested mountains along a regional route northwest of Quito,Montañas boscosas en una ruta regional al noroccidente de Quito,1800x1350 minimum,4:3 source; keep subject inside center square safe area,"High-quality JPG, TIFF or PNG original; site copy will be optimized to WebP",400 KB or less,Owned or licensed for commercial web use; identifiable people require permission,replace_for_unique_page_imagery
High,CAT026,/quito-to-choco-andino-transport/,/es/transporte-quito-choco-andino/,Quito to the Chocó Andino Transport,content_card,/assets/images/pages/placeholders/placeholder-tour.jpg,assets/images/pages/replacements/cat026-card-01.jpg,Urban meeting point used to discuss Quito pickup,Punto urbano usado para coordinar una recogida en Quito,1600x900 minimum,16:9 landscape; keep subject away from edges,"High-quality JPG, TIFF or PNG original; site copy will be optimized to WebP",250 KB or less,Owned or licensed for commercial web use; identifiable people require permission,replace_now_placeholder
High,CAT026,/quito-to-choco-andino-transport/,/es/transporte-quito-choco-andino/,Quito to the Chocó Andino Transport,content_card,/assets/cat_park_page_02.jpg,assets/images/pages/replacements/cat026-card-02.jpg,Wide mountain landscape showing varied regional geography,Paisaje montañoso amplio de una geografía regional variada,1600x900 minimum,16:9 landscape; keep subject away from edges,"High-quality JPG, TIFF or PNG original; site copy will be optimized to WebP",250 KB or less,Owned or licensed for commercial web use; identifiable people require permission,replace_for_unique_page_imagery
High,CAT026,/quito-to-choco-andino-transport/,/es/transporte-quito-choco-andino/,Quito to the Chocó Andino Transport,content_card,/assets/images/pages/placeholders/placeholder-gallery.jpg,assets/images/pages/replacements/cat026-card-03.jpg,Travel equipment representing passenger and luggage needs,Equipo de viaje como ejemplo de necesidades de pasajeros y equipaje,1600x900 minimum,16:9 landscape; keep subject away from edges,"High-quality JPG, TIFF or PNG original; site copy will be optimized to WebP",250 KB or less,Owned or licensed for commercial web use; identifiable people require permission,replace_now_placeholder
High,CAT026,/quito-to-choco-andino-transport/,/es/transporte-quito-choco-andino/,Quito to the Chocó Andino Transport,content_card,/assets/images/pages/placeholders/placeholder-clouds.jpg,assets/images/pages/replacements/cat026-card-04.jpg,Clouds over mountain roads where weather affects travel,Nubes sobre caminos montañosos afectados por el clima,1600x900 minimum,16:9 landscape; keep subject away from edges,"High-quality JPG, TIFF or PNG original; site copy will be optimized to WebP",250 KB or less,Owned or licensed for commercial web use; identifiable people require permission,replace_now_placeholder
High,CAT026,/quito-to-choco-andino-transport/,/es/transporte-quito-choco-andino/,Quito to the Chocó Andino Transport,content_card,/assets/images/pages/home/cacao-processing.jpg,assets/images/pages/replacements/cat026-card-05.jpg,Working producer site requiring scheduled arrival,Lugar productivo que requiere una llegada programada,1600x900 minimum,16:9 landscape; keep subject away from edges,"High-quality JPG, TIFF or PNG original; site copy will be optimized to WebP",250 KB or less,Owned or licensed for commercial web use; identifiable people require permission,replace_for_unique_page_imagery
High,CAT026,/quito-to-choco-andino-transport/,/es/transporte-quito-choco-andino/,Quito to the Chocó Andino Transport,content_card,/assets/cta_park_page_03.jpg,assets/images/pages/replacements/cat026-card-06.jpg,Cloud forest landscape representing the return from a regional outing,Paisaje de bosque nublado durante el regreso de una salida regional,1600x900 minimum,16:9 landscape; keep subject away from edges,"High-quality JPG, TIFF or PNG original; site copy will be optimized to WebP",250 KB or less,Owned or licensed for commercial web use; identifiable people require permission,replace_for_unique_page_imagery
Medium,CAT027,/choco-andino-itinerary-one-day/,/es/itinerario-choco-andino-un-dia/,One-Day Chocó Andino Itinerary,hero,/assets/cat_park_page_02.jpg,assets/images/pages/replacements/cat027-hero.jpg,Forested mountains and cloud layers on a Chocó Andino day route,Montañas boscosas y capas de nubes en una ruta de un día,1800x1350 minimum,4:3 source; keep subject inside center square safe area,"High-quality JPG, TIFF or PNG original; site copy will be optimized to WebP",400 KB or less,Owned or licensed for commercial web use; identifiable people require permission,replace_for_unique_page_imagery
Medium,CAT027,/choco-andino-itinerary-one-day/,/es/itinerario-choco-andino-un-dia/,One-Day Chocó Andino Itinerary,content_card,/assets/cta_park_page_03.jpg,assets/images/pages/replacements/cat027-card-01.jpg,Cloud forest landscape suitable for a nature-focused day,Paisaje de bosque nublado para un día de naturaleza,1600x900 minimum,16:9 landscape; keep subject away from edges,"High-quality JPG, TIFF or PNG original; site copy will be optimized to WebP",250 KB or less,Owned or licensed for commercial web use; identifiable people require permission,replace_for_unique_page_imagery
Medium,CAT027,/choco-andino-itinerary-one-day/,/es/itinerario-choco-andino-un-dia/,One-Day Chocó Andino Itinerary,content_card,/assets/images/pages/home/cacao-processing.jpg,assets/images/pages/replacements/cat027-card-02.jpg,Cacao processing as the anchor for a producer-focused day,Proceso de cacao como eje de un día productivo,1600x900 minimum,16:9 landscape; keep subject away from edges,"High-quality JPG, TIFF or PNG original; site copy will be optimized to WebP",250 KB or less,Owned or licensed for commercial web use; identifiable people require permission,replace_for_unique_page_imagery
Medium,CAT027,/choco-andino-itinerary-one-day/,/es/itinerario-choco-andino-un-dia/,One-Day Chocó Andino Itinerary,content_card,/assets/images/pages/placeholders/placeholder-hero.jpg,assets/images/pages/replacements/cat027-card-03.jpg,Rural setting representing community-led regional learning,Entorno rural para aprendizaje guiado por una comunidad,1600x900 minimum,16:9 landscape; keep subject away from edges,"High-quality JPG, TIFF or PNG original; site copy will be optimized to WebP",250 KB or less,Owned or licensed for commercial web use; identifiable people require permission,replace_now_placeholder
Medium,CAT027,/choco-andino-itinerary-one-day/,/es/itinerario-choco-andino-un-dia/,One-Day Chocó Andino Itinerary,content_card,/assets/images/pages/placeholders/placeholder-clouds.jpg,assets/images/pages/replacements/cat027-card-04.jpg,Clouds crossing a scenic mountain route,Nubes cruzando una ruta escénica de montaña,1600x900 minimum,16:9 landscape; keep subject away from edges,"High-quality JPG, TIFF or PNG original; site copy will be optimized to WebP",250 KB or less,Owned or licensed for commercial web use; identifiable people require permission,replace_now_placeholder
Medium,CAT027,/choco-andino-itinerary-one-day/,/es/itinerario-choco-andino-un-dia/,One-Day Chocó Andino Itinerary,content_card,/assets/images/pages/home/cacao-pod.jpg,assets/images/pages/replacements/cat027-card-05.jpg,Cacao pod representing a balanced regional introduction,Mazorca de cacao como ejemplo de introducción regional equilibrada,1600x900 minimum,16:9 landscape; keep subject away from edges,"High-quality JPG, TIFF or PNG original; site copy will be optimized to WebP",250 KB or less,Owned or licensed for commercial web use; identifiable people require permission,replace_for_unique_page_imagery
Medium,CAT027,/choco-andino-itinerary-one-day/,/es/itinerario-choco-andino-un-dia/,One-Day Chocó Andino Itinerary,content_card,/assets/images/pages/placeholders/placeholder-tour.jpg,assets/images/pages/replacements/cat027-card-06.jpg,Regional road illustrating transport and return planning,Vía regional para planificar transporte y regreso,1600x900 minimum,16:9 landscape; keep subject away from edges,"High-quality JPG, TIFF or PNG original; site copy will be optimized to WebP",250 KB or less,Owned or licensed for commercial web use; identifiable people require permission,replace_now_placeholder
Medium,CAT028,/choco-andino-itinerary-two-days/,/es/itinerario-choco-andino-dos-dias/,Two-Day Chocó Andino Itinerary,hero,/assets/cta_park_page_03.jpg,assets/images/pages/replacements/cat028-hero.jpg,Layered cloud forest landscape suited to a slower two-day route,Paisaje de bosque nublado en capas para una ruta lenta de dos días,1800x1350 minimum,4:3 source; keep subject inside center square safe area,"High-quality JPG, TIFF or PNG original; site copy will be optimized to WebP",400 KB or less,Owned or licensed for commercial web use; identifiable people require permission,replace_for_unique_page_imagery
Medium,CAT028,/choco-andino-itinerary-two-days/,/es/itinerario-choco-andino-dos-dias/,Two-Day Chocó Andino Itinerary,content_card,/assets/cta_park_page_03.jpg,assets/images/pages/replacements/cat028-card-01.jpg,Cloud forest scenery for the first day of a regional route,Paisaje de bosque para el primer día regional,1600x900 minimum,16:9 landscape; keep subject away from edges,"High-quality JPG, TIFF or PNG original; site copy will be optimized to WebP",250 KB or less,Owned or licensed for commercial web use; identifiable people require permission,replace_for_unique_page_imagery
Medium,CAT028,/choco-andino-itinerary-two-days/,/es/itinerario-choco-andino-dos-dias/,Two-Day Chocó Andino Itinerary,content_card,/assets/cat_park_page_02.jpg,assets/images/pages/replacements/cat028-card-02.jpg,Broad regional mountain landscape beyond Mindo,Paisaje regional amplio más allá de Mindo,1600x900 minimum,16:9 landscape; keep subject away from edges,"High-quality JPG, TIFF or PNG original; site copy will be optimized to WebP",250 KB or less,Owned or licensed for commercial web use; identifiable people require permission,replace_for_unique_page_imagery
Medium,CAT028,/choco-andino-itinerary-two-days/,/es/itinerario-choco-andino-dos-dias/,Two-Day Chocó Andino Itinerary,content_card,/assets/images/pages/placeholders/placeholder-hero.jpg,assets/images/pages/replacements/cat028-card-03.jpg,Community learning setting for a slower second day,Entorno comunitario para un segundo día más lento,1600x900 minimum,16:9 landscape; keep subject away from edges,"High-quality JPG, TIFF or PNG original; site copy will be optimized to WebP",250 KB or less,Owned or licensed for commercial web use; identifiable people require permission,replace_now_placeholder
Medium,CAT028,/choco-andino-itinerary-two-days/,/es/itinerario-choco-andino-dos-dias/,Two-Day Chocó Andino Itinerary,content_card,/assets/images/pages/home/coffee-cherries.jpg,assets/images/pages/replacements/cat028-card-04.jpg,Coffee cherries representing a productive landscape route,Cerezas de café en una ruta de paisajes productivos,1600x900 minimum,16:9 landscape; keep subject away from edges,"High-quality JPG, TIFF or PNG original; site copy will be optimized to WebP",250 KB or less,Owned or licensed for commercial web use; identifiable people require permission,replace_for_unique_page_imagery
Medium,CAT028,/choco-andino-itinerary-two-days/,/es/itinerario-choco-andino-dos-dias/,Two-Day Chocó Andino Itinerary,content_card,/assets/images/pages/placeholders/placeholder-gallery.jpg,assets/images/pages/replacements/cat028-card-05.jpg,Photography equipment representing specialist nature priorities,Equipo fotográfico para prioridades naturalistas,1600x900 minimum,16:9 landscape; keep subject away from edges,"High-quality JPG, TIFF or PNG original; site copy will be optimized to WebP",250 KB or less,Owned or licensed for commercial web use; identifiable people require permission,replace_now_placeholder
Medium,CAT028,/choco-andino-itinerary-two-days/,/es/itinerario-choco-andino-dos-dias/,Two-Day Chocó Andino Itinerary,content_card,/assets/images/pages/placeholders/placeholder-tour.jpg,assets/images/pages/replacements/cat028-card-06.jpg,Rural road connecting a confirmed regional base and visits,Vía rural entre una base confirmada y las visitas,1600x900 minimum,16:9 landscape; keep subject away from edges,"High-quality JPG, TIFF or PNG original; site copy will be optimized to WebP",250 KB or less,Owned or licensed for commercial web use; identifiable people require permission,replace_now_placeholder
Medium,CAT029,/best-time-to-visit-choco-andino/,/es/mejor-epoca-para-visitar-choco-andino/,Best Time to Visit the Chocó Andino,hero,/assets/images/pages/placeholders/placeholder-clouds.jpg,assets/images/pages/replacements/cat029-hero.jpg,Cloud and mist moving across forested Chocó Andino mountains,Nubes y neblina sobre montañas boscosas del Chocó Andino,1800x1350 minimum,4:3 source; keep subject inside center square safe area,"High-quality JPG, TIFF or PNG original; site copy will be optimized to WebP",400 KB or less,Owned or licensed for commercial web use; identifiable people require permission,replace_now_placeholder
Medium,CAT029,/best-time-to-visit-choco-andino/,/es/mejor-epoca-para-visitar-choco-andino/,Best Time to Visit the Chocó Andino,content_card,/assets/images/pages/placeholders/placeholder-clouds.jpg,assets/images/pages/replacements/cat029-card-01.jpg,Low cloud over layered forest slopes,Nubes bajas sobre laderas boscosas,1600x900 minimum,16:9 landscape; keep subject away from edges,"High-quality JPG, TIFF or PNG original; site copy will be optimized to WebP",250 KB or less,Owned or licensed for commercial web use; identifiable people require permission,replace_now_placeholder
Medium,CAT029,/best-time-to-visit-choco-andino/,/es/mejor-epoca-para-visitar-choco-andino/,Best Time to Visit the Chocó Andino,content_card,/assets/cat_park_page_02.jpg,assets/images/pages/replacements/cat029-card-02.jpg,Broad forested territory at different elevations,Territorio boscoso amplio a distintas elevaciones,1600x900 minimum,16:9 landscape; keep subject away from edges,"High-quality JPG, TIFF or PNG original; site copy will be optimized to WebP",250 KB or less,Owned or licensed for commercial web use; identifiable people require permission,replace_for_unique_page_imagery
Medium,CAT029,/best-time-to-visit-choco-andino/,/es/mejor-epoca-para-visitar-choco-andino/,Best Time to Visit the Chocó Andino,content_card,/assets/images/pages/placeholders/placeholder-tour.jpg,assets/images/pages/replacements/cat029-card-03.jpg,Rural road through green mountain landscape,Vía rural en un paisaje verde de montaña,1600x900 minimum,16:9 landscape; keep subject away from edges,"High-quality JPG, TIFF or PNG original; site copy will be optimized to WebP",250 KB or less,Owned or licensed for commercial web use; identifiable people require permission,replace_now_placeholder
Medium,CAT029,/best-time-to-visit-choco-andino/,/es/mejor-epoca-para-visitar-choco-andino/,Best Time to Visit the Chocó Andino,content_card,/assets/images/pages/placeholders/placeholder-gallery.jpg,assets/images/pages/replacements/cat029-card-04.jpg,Binoculars prepared for forest observation,Binoculares preparados para observación en bosque,1600x900 minimum,16:9 landscape; keep subject away from edges,"High-quality JPG, TIFF or PNG original; site copy will be optimized to WebP",250 KB or less,Owned or licensed for commercial web use; identifiable people require permission,replace_now_placeholder
Medium,CAT029,/best-time-to-visit-choco-andino/,/es/mejor-epoca-para-visitar-choco-andino/,Best Time to Visit the Chocó Andino,content_card,/assets/images/pages/home/cacao-processing.jpg,assets/images/pages/replacements/cat029-card-05.jpg,Cacao beans drying as part of an active producer process,Cacao secándose como parte de un proceso activo,1600x900 minimum,16:9 landscape; keep subject away from edges,"High-quality JPG, TIFF or PNG original; site copy will be optimized to WebP",250 KB or less,Owned or licensed for commercial web use; identifiable people require permission,replace_for_unique_page_imagery
Medium,CAT029,/best-time-to-visit-choco-andino/,/es/mejor-epoca-para-visitar-choco-andino/,Best Time to Visit the Chocó Andino,content_card,/assets/cta_park_page_03.jpg,assets/images/pages/replacements/cat029-card-06.jpg,Green forest landscape suitable for a flexible route,Paisaje de bosque apto para una ruta flexible,1600x900 minimum,16:9 landscape; keep subject away from edges,"High-quality JPG, TIFF or PNG original; site copy will be optimized to WebP",250 KB or less,Owned or licensed for commercial web use; identifiable people require permission,replace_for_unique_page_imagery
Medium,CAT030,/family-tours-choco-andino/,/es/tours-familiares-choco-andino/,Family Tours in the Chocó Andino,hero,/assets/cat_park_page_02.jpg,assets/images/pages/replacements/cat030-hero.jpg,Layered green forest landscape of the Chocó Andino,Paisaje de bosque verde en el Chocó Andino,1800x1350 minimum,4:3 source; keep subject inside center square safe area,"High-quality JPG, TIFF or PNG original; site copy will be optimized to WebP",400 KB or less,Owned or licensed for commercial web use; identifiable people require permission,replace_for_unique_page_imagery
Medium,CAT030,/family-tours-choco-andino/,/es/tours-familiares-choco-andino/,Family Tours in the Chocó Andino,content_card,/assets/cat_park_page_02.jpg,assets/images/pages/replacements/cat030-card-01.jpg,Cloud forest landscape for a managed nature visit,Paisaje de bosque nublado para una visita de naturaleza,1600x900 minimum,16:9 landscape; keep subject away from edges,"High-quality JPG, TIFF or PNG original; site copy will be optimized to WebP",250 KB or less,Owned or licensed for commercial web use; identifiable people require permission,replace_for_unique_page_imagery
Medium,CAT030,/family-tours-choco-andino/,/es/tours-familiares-choco-andino/,Family Tours in the Chocó Andino,content_card,/assets/images/pages/home/cacao-pod.jpg,assets/images/pages/replacements/cat030-card-02.jpg,Open cacao pod used to explain chocolate origins,Mazorca abierta para explicar el origen del chocolate,1600x900 minimum,16:9 landscape; keep subject away from edges,"High-quality JPG, TIFF or PNG original; site copy will be optimized to WebP",250 KB or less,Owned or licensed for commercial web use; identifiable people require permission,replace_for_unique_page_imagery
Medium,CAT030,/family-tours-choco-andino/,/es/tours-familiares-choco-andino/,Family Tours in the Chocó Andino,content_card,/assets/images/pages/home/cacao-processing.jpg,assets/images/pages/replacements/cat030-card-03.jpg,Cacao processing area during a producer visit,Área de procesamiento durante una visita a productores,1600x900 minimum,16:9 landscape; keep subject away from edges,"High-quality JPG, TIFF or PNG original; site copy will be optimized to WebP",250 KB or less,Owned or licensed for commercial web use; identifiable people require permission,replace_for_unique_page_imagery
Medium,CAT030,/family-tours-choco-andino/,/es/tours-familiares-choco-andino/,Family Tours in the Chocó Andino,content_card,/assets/cta_park_page_03.jpg,assets/images/pages/replacements/cat030-card-04.jpg,Forest and water scenery in the Chocó Andino,Bosque y agua en el Chocó Andino,1600x900 minimum,16:9 landscape; keep subject away from edges,"High-quality JPG, TIFF or PNG original; site copy will be optimized to WebP",250 KB or less,Owned or licensed for commercial web use; identifiable people require permission,replace_for_unique_page_imagery
Medium,CAT030,/family-tours-choco-andino/,/es/tours-familiares-choco-andino/,Family Tours in the Chocó Andino,content_card,/assets/images/pages/placeholders/placeholder-tour.jpg,assets/images/pages/replacements/cat030-card-05.jpg,Rural mountain road used for a flexible family transfer,Vía rural usada para un traslado familiar flexible,1600x900 minimum,16:9 landscape; keep subject away from edges,"High-quality JPG, TIFF or PNG original; site copy will be optimized to WebP",250 KB or less,Owned or licensed for commercial web use; identifiable people require permission,replace_now_placeholder
Medium,CAT030,/family-tours-choco-andino/,/es/tours-familiares-choco-andino/,Family Tours in the Chocó Andino,content_card,/assets/images/pages/placeholders/placeholder-gallery.jpg,assets/images/pages/replacements/cat030-card-06.jpg,Binoculars for a patient family wildlife introduction,Binoculares para una introducción familiar a la fauna,1600x900 minimum,16:9 landscape; keep subject away from edges,"High-quality JPG, TIFF or PNG original; site copy will be optimized to WebP",250 KB or less,Owned or licensed for commercial web use; identifiable people require permission,replace_now_placeholder
High,CAT031,/birdwatching-choco-andino/,/es/avistamiento-de-aves-choco-andino/,Birdwatching in the Chocó Andino,hero,/assets/images/pages/placeholders/placeholder-gallery.jpg,assets/images/pages/replacements/cat031-hero.jpg,Binoculars used for cloud forest birdwatching in the Chocó Andino,Binoculares usados para observar aves en el bosque nublado,1800x1350 minimum,4:3 source; keep subject inside center square safe area,"High-quality JPG, TIFF or PNG original; site copy will be optimized to WebP",400 KB or less,Owned or licensed for commercial web use; identifiable people require permission,replace_now_placeholder
High,CAT031,/birdwatching-choco-andino/,/es/avistamiento-de-aves-choco-andino/,Birdwatching in the Chocó Andino,content_card,/assets/cat_park_page_02.jpg,assets/images/pages/replacements/cat031-card-01.jpg,Wide forest landscape in the biosphere reserve,Paisaje forestal amplio de la reserva,1600x900 minimum,16:9 landscape; keep subject away from edges,"High-quality JPG, TIFF or PNG original; site copy will be optimized to WebP",250 KB or less,Owned or licensed for commercial web use; identifiable people require permission,replace_for_unique_page_imagery
High,CAT031,/birdwatching-choco-andino/,/es/avistamiento-de-aves-choco-andino/,Birdwatching in the Chocó Andino,content_card,/assets/images/pages/placeholders/placeholder-gallery.jpg,assets/images/pages/replacements/cat031-card-02.jpg,Binoculars representing target-species planning,Binoculares para planificar especies objetivo,1600x900 minimum,16:9 landscape; keep subject away from edges,"High-quality JPG, TIFF or PNG original; site copy will be optimized to WebP",250 KB or less,Owned or licensed for commercial web use; identifiable people require permission,replace_now_placeholder
High,CAT031,/birdwatching-choco-andino/,/es/avistamiento-de-aves-choco-andino/,Birdwatching in the Chocó Andino,content_card,/assets/images/pages/placeholders/placeholder-clouds.jpg,assets/images/pages/replacements/cat031-card-03.jpg,Mist and changing light in cloud forest,Neblina y luz cambiante en el bosque,1600x900 minimum,16:9 landscape; keep subject away from edges,"High-quality JPG, TIFF or PNG original; site copy will be optimized to WebP",250 KB or less,Owned or licensed for commercial web use; identifiable people require permission,replace_now_placeholder
High,CAT031,/birdwatching-choco-andino/,/es/avistamiento-de-aves-choco-andino/,Birdwatching in the Chocó Andino,content_card,/assets/images/pages/placeholders/placeholder-tour.jpg,assets/images/pages/replacements/cat031-card-04.jpg,Rural road connecting birding habitats,Vía rural entre hábitats de aves,1600x900 minimum,16:9 landscape; keep subject away from edges,"High-quality JPG, TIFF or PNG original; site copy will be optimized to WebP",250 KB or less,Owned or licensed for commercial web use; identifiable people require permission,replace_now_placeholder
High,CAT031,/birdwatching-choco-andino/,/es/avistamiento-de-aves-choco-andino/,Birdwatching in the Chocó Andino,content_card,/assets/cta_park_page_03.jpg,assets/images/pages/replacements/cat031-card-05.jpg,Forest light for patient bird photography,Luz de bosque para fotografía paciente,1600x900 minimum,16:9 landscape; keep subject away from edges,"High-quality JPG, TIFF or PNG original; site copy will be optimized to WebP",250 KB or less,Owned or licensed for commercial web use; identifiable people require permission,replace_for_unique_page_imagery
High,CAT031,/birdwatching-choco-andino/,/es/avistamiento-de-aves-choco-andino/,Birdwatching in the Chocó Andino,content_card,/assets/images/pages/home/coffee-cherries.jpg,assets/images/pages/replacements/cat031-card-06.jpg,Productive landscape as part of wider regional travel,Paisaje productivo dentro del viaje regional,1600x900 minimum,16:9 landscape; keep subject away from edges,"High-quality JPG, TIFF or PNG original; site copy will be optimized to WebP",250 KB or less,Owned or licensed for commercial web use; identifiable people require permission,replace_for_unique_page_imagery
High,CAT032,/mindo-adventure-and-activities/,/es/aventura-y-actividades-en-mindo/,Mindo Adventure and Activities,hero,/assets/cta_park_page_03.jpg,assets/images/pages/replacements/cat032-hero.jpg,Forest water landscape representing Mindo nature and adventure activities,Bosque y agua que representan actividades de naturaleza y aventura en Mindo,1800x1350 minimum,4:3 source; keep subject inside center square safe area,"High-quality JPG, TIFF or PNG original; site copy will be optimized to WebP",400 KB or less,Owned or licensed for commercial web use; identifiable people require permission,replace_for_unique_page_imagery
High,CAT032,/mindo-adventure-and-activities/,/es/aventura-y-actividades-en-mindo/,Mindo Adventure and Activities,content_card,/assets/cta_park_page_03.jpg,assets/images/pages/replacements/cat032-card-01.jpg,Water and forest scenery for waterfall planning,Agua y bosque para planificar cascadas,1600x900 minimum,16:9 landscape; keep subject away from edges,"High-quality JPG, TIFF or PNG original; site copy will be optimized to WebP",250 KB or less,Owned or licensed for commercial web use; identifiable people require permission,replace_for_unique_page_imagery
High,CAT032,/mindo-adventure-and-activities/,/es/aventura-y-actividades-en-mindo/,Mindo Adventure and Activities,content_card,/assets/images/pages/placeholders/placeholder-tour.jpg,assets/images/pages/replacements/cat032-card-02.jpg,Forest route representing canopy adventure logistics,Ruta de bosque para logística de canopy,1600x900 minimum,16:9 landscape; keep subject away from edges,"High-quality JPG, TIFF or PNG original; site copy will be optimized to WebP",250 KB or less,Owned or licensed for commercial web use; identifiable people require permission,replace_now_placeholder
High,CAT032,/mindo-adventure-and-activities/,/es/aventura-y-actividades-en-mindo/,Mindo Adventure and Activities,content_card,/assets/images/pages/placeholders/placeholder-clouds.jpg,assets/images/pages/replacements/cat032-card-03.jpg,Cloud forest weather relevant to river activities,Clima de bosque relevante para actividades de río,1600x900 minimum,16:9 landscape; keep subject away from edges,"High-quality JPG, TIFF or PNG original; site copy will be optimized to WebP",250 KB or less,Owned or licensed for commercial web use; identifiable people require permission,replace_now_placeholder
High,CAT032,/mindo-adventure-and-activities/,/es/aventura-y-actividades-en-mindo/,Mindo Adventure and Activities,content_card,/assets/cat_park_page_02.jpg,assets/images/pages/replacements/cat032-card-04.jpg,Steep green landscape representing active canyon routes,Paisaje verde empinado para rutas activas,1600x900 minimum,16:9 landscape; keep subject away from edges,"High-quality JPG, TIFF or PNG original; site copy will be optimized to WebP",250 KB or less,Owned or licensed for commercial web use; identifiable people require permission,replace_for_unique_page_imagery
High,CAT032,/mindo-adventure-and-activities/,/es/aventura-y-actividades-en-mindo/,Mindo Adventure and Activities,content_card,/assets/images/pages/home/cacao-pod.jpg,assets/images/pages/replacements/cat032-card-05.jpg,Cacao pod for a calmer Mindo activity,Mazorca de cacao para una actividad tranquila,1600x900 minimum,16:9 landscape; keep subject away from edges,"High-quality JPG, TIFF or PNG original; site copy will be optimized to WebP",250 KB or less,Owned or licensed for commercial web use; identifiable people require permission,replace_for_unique_page_imagery
High,CAT032,/mindo-adventure-and-activities/,/es/aventura-y-actividades-en-mindo/,Mindo Adventure and Activities,content_card,/assets/images/pages/placeholders/placeholder-gallery.jpg,assets/images/pages/replacements/cat032-card-06.jpg,Binoculars marking the specialist birding boundary,Binoculares que marcan el límite especialista,1600x900 minimum,16:9 landscape; keep subject away from edges,"High-quality JPG, TIFF or PNG original; site copy will be optimized to WebP",250 KB or less,Owned or licensed for commercial web use; identifiable people require permission,replace_now_placeholder
